,,,,,,,,,,
BOLETIN DE INFORMACIONES AL,,27/02/2026,,,,,Desde: ,23/02/2026,Hasta:,27/02/2026
MARCAS RECIBIDAS,,,,,,,,,,
"Los datos consignados en este reporte son producidos automáticamente desde el sistema de gestión IPAS, a la fecha de creación indicada. Esos datos podrían sufrir modificaciones de forma a raíz de correcciones, sin alterar el fondo ni cuestiones sustanciales de derecho.",,,,,,,,,,
Fecha Solicitud,Expediente,Clase Niza,Denominación,Signo,Titular,País,Agente,Matrícula,Trámite,Referencia
23/02/2026,2613258,41,LEON DE ORO,D,"ASOCIACION INTERNACIONAL  DE CLUBES DE LEONES, DISTRITO MULTIPLE M-PARAGUAY",PY,FAVIO RENE ARRUA YEGROS,7.152,Registro de Marca,
23/02/2026,2613259,44,PAUSARTE BIENESTAR QUE SE SIENTE (SLOGAN),M,ROMINA NICOL MENDEZ TORRES  ,PY,FAVIO RENE ARRUA YEGROS,7.152,Registro de Marca,
23/02/2026,2613277,1,CHISPA,D,SOMAX AGRO S.A.,PY,Melinda Fabiola Altamirano De Cameron,1.546,Registro de Marca,
23/02/2026,2613278,5,CHISPA,D,SOMAX AGRO S.A.,PY,Melinda Fabiola Altamirano De Cameron,1.546,Registro de Marca,
23/02/2026,2613279,42,Salutek,M,Teki Solutions E.A.S.,PY,Maria Esther Nuñez Bardichesky,5.169,Registro de Marca,
23/02/2026,2613280,31,CHISPA,D,SOMAX AGRO S.A.,PY,Melinda Fabiola Altamirano De Cameron,1.546,Registro de Marca,
23/02/2026,2613281,1,CORTADOR,D,SOMAX AGRO S.A.,PY,Melinda Fabiola Altamirano De Cameron,1.546,Registro de Marca,
23/02/2026,2613282,5,CORTADOR,D,SOMAX AGRO S.A.,PY,Melinda Fabiola Altamirano De Cameron,1.546,Registro de Marca,
23/02/2026,2613283,31,CORTADOR,D,SOMAX AGRO S.A.,PY,Melinda Fabiola Altamirano De Cameron,1.546,Registro de Marca,
23/02/2026,2613284,1,DESMALEZ,D,SOMAX AGRO S.A.,PY,Melinda Fabiola Altamirano De Cameron,1.546,Registro de Marca,
23/02/2026,2613285,5,DESMALEZ,D,SOMAX AGRO S.A.,PY,Melinda Fabiola Altamirano De Cameron,1.546,Registro de Marca,
23/02/2026,2613286,31,DESMALEZ,D,SOMAX AGRO S.A.,PY,Melinda Fabiola Altamirano De Cameron,1.546,Registro de Marca,
23/02/2026,2613288,1,DESTRUCTOR,D,SOMAX AGRO S.A.,PY,Melinda Fabiola Altamirano De Cameron,1.546,Registro de Marca,
23/02/2026,2613289,5,DESTRUCTOR,D,SOMAX AGRO S.A.,PY,Melinda Fabiola Altamirano De Cameron,1.546,Registro de Marca,
23/02/2026,2613291,31,DESTRUCTOR,D,SOMAX AGRO S.A.,PY,Melinda Fabiola Altamirano De Cameron,1.546,Registro de Marca,
23/02/2026,2613292,1,DURAMAX,D,SOMAX AGRO S.A.,PY,Melinda Fabiola Altamirano De Cameron,1.546,Registro de Marca,
23/02/2026,2613294,5,DURAMAX,D,SOMAX AGRO S.A.,PY,Melinda Fabiola Altamirano De Cameron,1.546,Registro de Marca,
23/02/2026,2613295,31,DURAMAX,D,SOMAX AGRO S.A.,PY,Melinda Fabiola Altamirano De Cameron,1.546,Registro de Marca,
23/02/2026,2613298,1,HALOXIDIM,D,SOMAX AGRO S.A.,PY,Melinda Fabiola Altamirano De Cameron,1.546,Registro de Marca,
23/02/2026,2613300,5,HALOXIDIM,D,SOMAX AGRO S.A.,PY,Melinda Fabiola Altamirano De Cameron,1.546,Registro de Marca,
23/02/2026,2613301,31,HALOXIDIM,D,SOMAX AGRO S.A.,PY,Melinda Fabiola Altamirano De Cameron,1.546,Registro de Marca,
23/02/2026,2613302,1,HELVAX,D,SOMAX AGRO S.A.,PY,Melinda Fabiola Altamirano De Cameron,1.546,Registro de Marca,
23/02/2026,2613304,5,HELVAX,D,SOMAX AGRO S.A.,PY,Melinda Fabiola Altamirano De Cameron,1.546,Registro de Marca,
23/02/2026,2613306,31,HELVAX,D,SOMAX AGRO S.A.,PY,Melinda Fabiola Altamirano De Cameron,1.546,Registro de Marca,
23/02/2026,2613307,1,HERBIBLOC,D,SOMAX AGRO S.A.,PY,Melinda Fabiola Altamirano De Cameron,1.546,Registro de Marca,
23/02/2026,2613308,5,HERBIBLOC,D,SOMAX AGRO S.A.,PY,Melinda Fabiola Altamirano De Cameron,1.546,Registro de Marca,
23/02/2026,2613309,31,HERBIBLOC,D,SOMAX AGRO S.A.,PY,Melinda Fabiola Altamirano De Cameron,1.546,Registro de Marca,
23/02/2026,2613310,1,LIMPIO,D,SOMAX AGRO S.A.,PY,Melinda Fabiola Altamirano De Cameron,1.546,Registro de Marca,
23/02/2026,2613311,5,LIMPIO,D,SOMAX AGRO S.A.,PY,Melinda Fabiola Altamirano De Cameron,1.546,Registro de Marca,
23/02/2026,2613312,31,LIMPIO,D,SOMAX AGRO S.A.,PY,Melinda Fabiola Altamirano De Cameron,1.546,Registro de Marca,
23/02/2026,2613313,1,NEXBUG,D,SOMAX AGRO S.A.,PY,Melinda Fabiola Altamirano De Cameron,1.546,Registro de Marca,
23/02/2026,2613315,5,NEXBUG,D,SOMAX AGRO S.A.,PY,Melinda Fabiola Altamirano De Cameron,1.546,Registro de Marca,
23/02/2026,2613316,31,NEXBUG,D,SOMAX AGRO S.A.,PY,Melinda Fabiola Altamirano De Cameron,1.546,Registro de Marca,
23/02/2026,2613318,1,VERDYX,D,SOMAX AGRO S.A.,PY,Melinda Fabiola Altamirano De Cameron,1.546,Registro de Marca,
23/02/2026,2613319,5,VERDYX,D,SOMAX AGRO S.A.,PY,Melinda Fabiola Altamirano De Cameron,1.546,Registro de Marca,
23/02/2026,2613323,31,VERDYX,D,SOMAX AGRO S.A.,PY,Melinda Fabiola Altamirano De Cameron,1.546,Registro de Marca,
23/02/2026,2613326,1,VESPA,D,SOMAX AGRO S.A.,PY,Melinda Fabiola Altamirano De Cameron,1.546,Registro de Marca,
23/02/2026,2613328,5,VESPA,D,SOMAX AGRO S.A.,PY,Melinda Fabiola Altamirano De Cameron,1.546,Registro de Marca,
23/02/2026,2613330,31,VESPA,D,SOMAX AGRO S.A.,PY,Melinda Fabiola Altamirano De Cameron,1.546,Registro de Marca,
23/02/2026,2613338,5,TONO-6,D,Index S.a.c.i.,PY,Montserrat Artaza Villagra,4.579,Renovación de Marca,1578288
23/02/2026,2613342,5,INDEX PHARMA,D,Index S.a.c.i.,PY,Montserrat Artaza Villagra,4.579,Renovación de Marca,1250325
23/02/2026,2613345,5,CIPLOX,D,Index S.a.c.i.,PY,Montserrat Artaza Villagra,4.579,Renovación de Marca,1578191
23/02/2026,2613348,5,CARDIONET,D,Index S.a.c.i.,PY,Montserrat Artaza Villagra,4.579,Renovación de Marca,1578282
23/02/2026,2613353,5,BUNTAL,D,Index S.a.c.i.,PY,Montserrat Artaza Villagra,4.579,Renovación de Marca,1578285
23/02/2026,2613360,38,+CONECTA2,M,SERVICIOS DIGITALES S.A.,PY,Victor Xavier Abente Stewart,1.192,Registro de Marca,
23/02/2026,2613368,35,+CONECTA2,M,SERVICIOS DIGITALES S.A.,PY,Victor Xavier Abente Stewart,1.192,Registro de Marca,
23/02/2026,2613369,9,+CONECTA2,M,SERVICIOS DIGITALES S.A.,PY,Victor Xavier Abente Stewart,1.192,Registro de Marca,
23/02/2026,2613383,6,ECM,D,ECOCICLO METALES S.A. ,PY,Elba Rosa Britez De Ortiz,109,Registro de Marca,
23/02/2026,2613390,5,GENOPRAZOL,D,"Genomma Lab Internacional, S.a.b. De C.v.",MX,Juan Fremiort Ortiz Pierpaoli Britez,1.780,Renovación de Marca,1567952
23/02/2026,2613395,24,DOHLER,D,Dohler S.a.,BR,Sergio Silvio Fernandez Ibañez,1.615,Renovación de Marca,1565477
23/02/2026,2613397,5,TRIATOP,D,"Genoma Lab. International, S.a.b De C.v. ",MX,Juan Fremiort Ortiz Pierpaoli Britez,1.780,Renovación de Marca,1600843
23/02/2026,2613416,3,HENNA EGIPCIA,D,"Genomma Lab Internacional, S.a.b. De C.v.",MX,Juan Fremiort Ortiz Pierpaoli Britez,1.780,Renovación de Marca,1512347
23/02/2026,2613451,5,NIKZON,D,"Genomma Lab Internacional, S.a.b. De C.v.",MX,Juan Fremiort Ortiz Pierpaoli Britez,1.780,Renovación de Marca,1567956
23/02/2026,2613471,37,Taller Mecánico Integral Candia,M,Edilberto Candia Sanabria ,PY,ENRIQUE IVAN ESTIGARRIBIA SANCHEZ,8.020,Registro de Marca,
23/02/2026,2613542,44,PUNT VET PET CLINIC,M,Maria Jazmin Rivas Ramirez,PY,SERGIO SEBASTIAN GONZALEZ SAMANIEGO,7.303,Registro de Marca,
23/02/2026,2613543,41,TROPICAL FLORIDA,M,EDELMIRO DIAZ SEGOVIA,MX,Luis Alberto Vallejos Jimenez,4.270,Registro de Marca,
23/02/2026,2613556,1,TOP SIX,D,KS AGRO PARAGUAY S.R.L. ,PY,Catalina Davalos Gimenez,2.870,Registro de Marca,
23/02/2026,2613560,1,TOP SIL,D,KS AGRO PARAGUAY S.R.L.,PY,Catalina Davalos Gimenez,2.870,Registro de Marca,
23/02/2026,2613562,1,KUNZA,D, KS AGRO PARAGUAY S.R.L. ,PY,Catalina Davalos Gimenez,2.870,Registro de Marca,
23/02/2026,2613564,1,BIOTHREE,D,KS AGRO PARAGUAY S.R.L. ,PY,Catalina Davalos Gimenez,2.870,Registro de Marca,
23/02/2026,2613586,35,AGROFUTURO,M,Claudio Angel Pusineri De Madariaga,PY,Vanella Amali Barbieri Sarubbi,2.630,Renovación de Marca,1608696
23/02/2026,2613591,4,AGROFUTURO,M,Claudio Pusineri De Madariaga,PY,Vanella Amali Barbieri Sarubbi,2.630,Renovación de Marca,1608688
23/02/2026,2613595,35,CALIMAG,D,Claudio Angel Pusineri De Madariaga,PY,Vanella Amali Barbieri Sarubbi,2.630,Renovación de Marca,1608694
23/02/2026,2613605,36,e24 EMPEÑOS 24,M,CESAR FABIAN VILLALBA MENDOZA,PY,Maria Adelaida Ovejero Vera,3.299,Registro de Marca,
23/02/2026,2613612,35,e24 EMPEÑOS 24,M,CESAR FABIAN VILLALBA MENDOZA,PY,Maria Adelaida Ovejero Vera,3.299,Registro de Marca,
23/02/2026,2613632,5,JATENZO,D,ZODIAC INTERNATIONAL CORPORATION,PA,Ana Maria Patricia Abente,23,Registro de Marca,
23/02/2026,2613634,42,TUPI PASILLO INFINITO,D,TUPI RAMOS GENERALES S.A.,PY,Manuel Maria Britos Esquivel,2.306,Registro de Marca,
23/02/2026,2613639,30,ARCHON PIZZERIA PARAGUARI,M,DENYS BOGATZ,PY,GLORIA GALEANO DE BAREIRO,7.543,Registro de Marca,
23/02/2026,2613642,35,TUPI PASILLO INFINITO,D,TUPI RAMOS GENERALES S.A.,PY,Manuel Maria Britos Esquivel,2.306,Registro de Marca,
23/02/2026,2613644,35,ARCHON PIZZERIA PARAGUARI,M,DENYS BOGATZ,PY,GLORIA GALEANO DE BAREIRO,7.543,Registro de Marca,
23/02/2026,2613647,39,TUPI PASILLO INFINITO,D,TUPI RAMOS GENERALES S.A.,PY,Manuel Maria Britos Esquivel,2.306,Registro de Marca,
23/02/2026,2613648,38,TUPI PASILLO INFINITO,D,TUPI RAMOS GENERALES S.A.,PY,Manuel Maria Britos Esquivel,2.306,Registro de Marca,
23/02/2026,2613652,41,MANDIÓPOLIS,M,FABIO ANDRES MIRET RODRIGUEZ,PY,Richard Ever Velaztiqui Duarte,4.879,Registro de Marca,
23/02/2026,2613655,35,MERIDIAM BRIDGE CONSULTING,M,Mirtha Fabiola Dominguez Mendez,PY,Oscar Reinaldo Schouten Junghanns,496,Registro de Marca,
23/02/2026,2613656,41,Atelier MimArte. Tu Espacio para la Expresión Creativa.,M,BETHANIA MONSERRAT ORTEGA DE ACUÑA,PY,Oscar Ramón Galeano Salinas,8.316,Registro de Marca,
23/02/2026,2613657,19,SIMPLÍSIMA,D,ETERNIT NV,BE,Lilian Lorena Marecos Pereira,6.574,Registro de Marca,
23/02/2026,2613658,41,Chau y eso,M,Romina Adriana Mendoza Murto,PY,LARISA NOEMI CABANELLAS CASOLA,6.924,Registro de Marca,
23/02/2026,2613659,41,Q’NUU,M,Mirtha Fabiola Dominguez Mendez,PY,Oscar Reinaldo Schouten Junghanns,496,Registro de Marca,
23/02/2026,2613660,41,PUMTO.,M,Romina Adriana Mendoza Murto,PY,LARISA NOEMI CABANELLAS CASOLA,6.924,Registro de Marca,
23/02/2026,2613667,38,Q’NUU,M,Mirtha Fabiola Dominguez Mendez,PY,Oscar Reinaldo Schouten Junghanns,496,Registro de Marca,
23/02/2026,2613669,3,CHOUPETTE BY KARL LAGERFELD,D,Karl Lagerfeld B.V. ,NL,Carmelo Alberto Modica Dichirico,1.225,Registro de Marca,
23/02/2026,2613670,3,Q’NUU CARE,M,Mirtha Fabiola Dominguez Mendez,PY,Oscar Reinaldo Schouten Junghanns,496,Registro de Marca,
23/02/2026,2613671,35,Q’NUU GLOBAL,M,Mirtha Fabiola Dominguez Mendez,PY,Oscar Reinaldo Schouten Junghanns,496,Registro de Marca,
23/02/2026,2613673,35,MARTIN MASI AUTOMOVILES,D,Martin Masi Automoviles S.a.,PY,Hugo R. Mersan Galli,5,Renovación de Marca,1616583
23/02/2026,2613675,28,LEVANTE,M,Maserati S.p.a.,IT,Carmelo Alberto Modica Dichirico,1.225,Renovación de Marca,1156746
23/02/2026,2613680,35,ISA BEAUTY,M,ISA BEAUTY SOCIEDAD ANÓNIMA,PY,Ana Carolina Paiva Jara,3.915,Registro de Marca,
23/02/2026,2613691,39,ISA BEAUTY,M,ISA BEAUTY SOCIEDAD ANÓNIMA,PY,Ana Carolina Paiva Jara,3.915,Registro de Marca,
23/02/2026,2613693,9,WESTIN,D,TODEGOL SA,PY,Siegfried Jürgen Vouga Ocampos,2.906,Registro de Marca,
23/02/2026,2613695,41,EMPIEZO LUNES,M,Sergio Gustavo Mura Velázquez,PY,Pablo Cesar Centeno Roa,7.085,Registro de Marca,
23/02/2026,2613698,11,WESTIN,D,TODEGOL SA,PY,Siegfried Jürgen Vouga Ocampos,2.906,Registro de Marca,
23/02/2026,2613699,39,WESTIN,D,TODEGOL SA,PY,Siegfried Jürgen Vouga Ocampos,2.906,Registro de Marca,
23/02/2026,2613701,38,EMPIEZO LUNES,M,Sergio Gustavo Mura Velázquez,PY,Pablo Cesar Centeno Roa,7.085,Registro de Marca,
23/02/2026,2613704,35,IU!,M,Romina Adriana Mendoza Murto,PY,LARISA NOEMI CABANELLAS CASOLA,6.924,Registro de Marca,
23/02/2026,2613705,35,EMPIEZO LUNES,M,Sergio Gustavo Mura Velázquez,PY,Pablo Cesar Centeno Roa,7.085,Registro de Marca,
23/02/2026,2613707,41,IU!,M,Romina Adriana Mendoza Murto,PY,LARISA NOEMI CABANELLAS CASOLA,6.924,Registro de Marca,
23/02/2026,2613716,3,ISA BEAUTY,M,ISA BEAUTY SOCIEDAD ANÓNIMA,PY,Ana Carolina Paiva Jara,3.915,Registro de Marca,
23/02/2026,2613727,5,"QualiHealth PHARMA - USA, CORP.",M,PATRICIA CASTILLO,US,Elías Rodolfo Espínola Imas,6.127,Registro de Marca,
23/02/2026,2613732,30,CORTE PROPIETARIO,D,APOLO IMPORT S.A. ,PY,Ada Nelly Torres De Centeno,862,Registro de Marca,
23/02/2026,2613799,41,Spango,M,Mariana De Jesús Mercedes Santiviago Rivarola,PY,JOSE ELIAS FERREIRA ESQUIVEL,7.433,Registro de Marca,
23/02/2026,2613806,30,DOS EN UNO,D,Industria De Alimentos Dos En Uno S.a.,CL,Hugo Teodoro Berkemeyer,6,Renovación de Marca,1608758
23/02/2026,2613808,35,MINUTO,D,APOLO IMPORT S.A.,PY,Hugo Teodoro Berkemeyer,6,Registro de Marca,
23/02/2026,2613809,35,NEOMARKET,D,APOLO IMPORT S.A.,PY,Hugo Teodoro Berkemeyer,6,Registro de Marca,
23/02/2026,2613810,35,PASEO CAPIATA,D,APOLO IMPORT S.A.,PY,Hugo Teodoro Berkemeyer,6,Registro de Marca,
23/02/2026,2613813,35,TUTTI MARKET,D,APOLO IMPORT S.A.,PY,Hugo Teodoro Berkemeyer,6,Registro de Marca,
23/02/2026,2613815,5,TRULICITY,D,Eli Lilly And Company,US,Hugo Teodoro Berkemeyer,6,Renovación de Marca,1442841
23/02/2026,2613817,42,BRIDAS,M,Bridas Energy Holdings Ltd,VG,Hugo Teodoro Berkemeyer,6,Renovación de Marca,1206074
23/02/2026,2613826,30,CADBURY TRES SUEÑOS,D,Cadbury Uk Limited,UK,Rafael Augusto Salomoni Flores,462,Renovación de Marca,1605949
23/02/2026,2613830,30,BELVITA,D,Intercontinental Great Brands Llc,US,Rafael Augusto Salomoni Flores,462,Renovación de Marca,1605944
23/02/2026,2613833,35,ROMIA,M,Laisa Fernanda Melhado Corsatto,PY,Rodrigo Alfonso Benitez Ferreira,2.557,Registro de Marca,
23/02/2026,2613835,3,ROMIA,M,Laisa Fernanda Melhado Corsatto,PY,Rodrigo Alfonso Benitez Ferreira,2.557,Registro de Marca,
23/02/2026,2613838,35,ASOCIACIÓN OPUMI,M,ASOCIACIÓN OPUMI,PY,Rodrigo Alfonso Benitez Ferreira,2.557,Registro de Marca,
23/02/2026,2613839,25,GOTITAS,M,Lylian Hortencia Rodriguez De Irala,PY,Letizia Verònica Càceres Gracia,5.352,Renovación de Marca,1653365
23/02/2026,2613851,38,GASPASA,M,KARIM ABOU SALEH NOTARIO,PY,Jorge D. Cristaldo Ruiz Diaz,3.271,Registro de Marca,
23/02/2026,2613854,39,GASPASA,M,KARIM ABOU SALEH NOTARIO,PY,Jorge D. Cristaldo Ruiz Diaz,3.271,Registro de Marca,
23/02/2026,2613855,35,GASPASA,M,KARIM ABOU SALEH NOTARIO,PY,Jorge D. Cristaldo Ruiz Diaz,3.271,Registro de Marca,
23/02/2026,2613856,1,GASPASA,M,KARIM ABOU SALEH NOTARIO,PY,Jorge D. Cristaldo Ruiz Diaz,3.271,Registro de Marca,
23/02/2026,2613857,4,GASPASA,M,KARIM ABOU SALEH NOTARIO,PY,Jorge D. Cristaldo Ruiz Diaz,3.271,Registro de Marca,
24/02/2026,2613858,5,RESTASLIM,D,PROSALUD FARMA S.A.,PY,Gustavo Daniel Caballero Flecha,2.812,Registro de Marca,
24/02/2026,2613859,5,REDUTRA,D,PROSALUD FARMA S.A.,PY,Gustavo Daniel Caballero Flecha,2.812,Registro de Marca,
24/02/2026,2613860,5,RT,D,PROSALUD FARMA S.A.,PY,Gustavo Daniel Caballero Flecha,2.812,Registro de Marca,
24/02/2026,2613862,35,GLOBAL GRUPO EMPRESARIAL S.A.,M,GLOBAL GRUPO EMPRESARIAL S.A.,PY,FAVIO RENE ARRUA YEGROS,7.152,Registro de Marca,
24/02/2026,2613863,37,GLOBAL GRUPO EMPRESARIAL S.A.,M,GLOBAL GRUPO EMPRESARIAL S.A.,PY,FAVIO RENE ARRUA YEGROS,7.152,Registro de Marca,
24/02/2026,2613866,16,CMA,D,PASTOR ROCHE GALEANO,PY,Pastor Roche Galeano,36,Registro de Marca,
24/02/2026,2613867,31,CHIACAP,D,PASTOR ROCHE GALEANO,PY,Pastor Roche Galeano,36,Registro de Marca,
24/02/2026,2613868,5,BIONSA,D,PASTOR ROCHE GALEANO,PY,Pastor Roche Galeano,36,Registro de Marca,
24/02/2026,2613869,35,KARPLAY,D,PASTOR ROCHE GALEANO,PY,Pastor Roche Galeano,36,Registro de Marca,
24/02/2026,2613870,2,APASIL,D,PASTOR ROCHE GALEANO,PY,Pastor Roche Galeano,36,Registro de Marca,
24/02/2026,2613871,44,Alteza nails,M,SHEILA KARINA MENDEZ FERNANDES,PY,Lilian Vanesa Ayala Cuevas,5.194,Registro de Marca,
24/02/2026,2613875,20,Sandman,M,JORGE ADRIAN ROLON GARCIA,PY,MARIZA MABEL GONZALEZ PALMA,7.972,Registro de Marca,
24/02/2026,2613876,44,CIDRA,M,MELISSA IRENE ACHUCARRO FRANCO,PY,Adriana Fabricia Diaz Crous,3.102,Registro de Marca,
24/02/2026,2613877,42,CIDRA,M,MELISSA IRENE ACHUCARRO FRANCO,PY,Adriana Fabricia Diaz Crous,3.102,Registro de Marca,
24/02/2026,2613925,2,NO CRACK COLOR,D,Megaflex S.a.,AR,Elba Rosa Britez De Ortiz,109,Renovación de Marca,1405625
24/02/2026,2613927,17,NO CRACK COLOR,D,Megaflex S.a.,AR,Elba Rosa Britez De Ortiz,109,Renovación de Marca,1405626
24/02/2026,2613928,5,EFERMOL MIGRA,D,FARMEDIS S.A.,PY,Elba Rosa Britez De Ortiz,109,Registro de Marca,
24/02/2026,2613930,19,NO CRACK COLOR,D,Megaflex S.a.,AR,Elba Rosa Britez De Ortiz,109,Renovación de Marca,1405627
24/02/2026,2613931,3,GEORGES MEZOTTI,D,Coscentra B.v.,NL,Elba Rosa Britez De Ortiz,109,Renovación de Marca,1450203
24/02/2026,2613938,7,SIOM,M,SIOM PARAGUAY S.A.,PY,Montserrat Artaza Villagra,4.579,Registro de Marca,
24/02/2026,2613940,42,SIOM,M,SIOM PARAGUAY S.A.,PY,Montserrat Artaza Villagra,4.579,Registro de Marca,
24/02/2026,2613944,37,SIOM,M,SIOM PARAGUAY S.A.,PY,Montserrat Artaza Villagra,4.579,Registro de Marca,
24/02/2026,2613951,5,ERICO,M,Linea Erico S.a.,PY,Montserrat Artaza Villagra,4.579,Renovación de Marca,1611160
24/02/2026,2613953,37,AUTO LOGIC,M,Auto Logic S.a.,PY,Eduardo Livieres Guggiari,898,Renovación de Marca,1043036
24/02/2026,2613990,12,MOTOSTETIK Estilo y Aventura en dos rueda,M,Jorge Samuel Pereira Colman,PY,Patrocinia Baez,5.260,Registro de Marca,
24/02/2026,2613994,32,La Genuina agua cristalina (eslogan),D,Sara Manuela Amarilla Cabello,PY,Siegfried Jürgen Vouga Ocampos,2.906,Registro de Marca,
24/02/2026,2613995,43,Quinta YvySyYcua,D,Sara Manuela Amarilla Cabello,PY,Siegfried Jürgen Vouga Ocampos,2.906,Registro de Marca,
24/02/2026,2613996,41,CLEOPATRA SLOTS,M,MAURIO MARTINS,PY,MARIA GRACIA RAMIREZ GILL,7.863,Registro de Marca,
24/02/2026,2613997,42,ISO 9001:2015 CERTIFICADO SISTEMA DE GESTION DE LA CALIDAD,M,MARCELO CARRILLO OLIVIER,PY,ROBERTO RAFAEL ORTIZ VILLALBA,7.346,Registro de Marca,
24/02/2026,2614000,25,EL POTRO,D,Pedro Bobadilla Martínez,PY,MARIA NADIA RE,7.331,Registro de Marca,
24/02/2026,2614003,30,GALI,D,CARLOS ALCIDES GALINDO GODOY,PY,Catalina Davalos Gimenez,2.870,Registro de Marca,
24/02/2026,2614030,31,ULTRAHYPO,M,ULTRA PET ALIMENTOS LTDA ME,BR,NICOLÁS GONZALEZ LEZCANO,7.712,Registro de Marca,
24/02/2026,2614034,31,ULTRA GOURMET,M,ULTRA PET ALIMENTOS LTDA ME,BR,NICOLÁS GONZALEZ LEZCANO,7.712,Registro de Marca,
24/02/2026,2614036,31,ULTRA CARE,M,ULTRA PET ALIMENTOS LTDA ME,BR,NICOLÁS GONZALEZ LEZCANO,7.712,Registro de Marca,
24/02/2026,2614038,35,PROJEPAR,M,PROJETO ALUMINIO LTD?.,BR,NICOLÁS GONZALEZ LEZCANO,7.712,Registro de Marca,
24/02/2026,2614058,44,AGRO ECO,D,Agro Eco S.a.,PY,Victor David Caceres Noguera,2.366,Renovación de Marca,801094
24/02/2026,2614060,30,BLAFOR,D,Agro Eco S.r.l.,PY,Victor David Caceres Noguera,2.366,Renovación de Marca,1612114
24/02/2026,2614081,5,BIOCHEM,M,BIOCHEM Zusatzstoffe Handels-undProduktionsgesellschaft mbH,DE,Raquel Toñanez Ortiz,333,Registro de Marca,
24/02/2026,2614083,31,BIOCHEM,M,BIOCHEM Zusatzstoffe Handels-undProduktionsgesellschaft mbH,DE,Raquel Toñanez Ortiz,333,Registro de Marca,
24/02/2026,2614099,35,CARNICERIA SOO MEMETE,M,MAGNA CECILIA VELAZQUEZ VELAZQUEZ,PY,Jorge Anibal Vallejos,3.731,Registro de Marca,
24/02/2026,2614118,5,VETRA,M,MARIA LILIAN VERA LINARES,PY,Marcos José Zacarias Crovato,3.391,Registro de Marca,
24/02/2026,2614127,36,CaixaBank,M,"FUNDACIÓN BANCARIA CAIXA D'ESTALVIS I PENSIONS DE BARCELONA, ""LA CAIXA"" ",ES,Laura Maria Lezcano Martinez,1.832,Registro de Marca,
24/02/2026,2614132,41,"Katupyry Sajonia, al inicio de tu camino(slogan)",M,María del Carmen Guillen Fretes,PY,ZORAIDA FERNÁNDEZ DE AYALA,6.949,Registro de Marca,
24/02/2026,2614133,25,VVPT. Vive la Vida Porque se Termina( slogan),M,RAUXA E.A.S. UNIPERSONAL,PY,Victor Ismael Cabello Escobar,6.009,Registro de Marca,
24/02/2026,2614134,16,Hi PRO SOLUCIONES DE HIGIENE PROFESIONAL (SLOGAN),M,Stonefield S.A.,PY,Luis  Esteban Machuca Rojas,6.332,Registro de Marca,
24/02/2026,2614135,3,Hi PRO SOLUCIONES DE HIGIENE PROFESIONAL (SLOGAN),M,Stonefield S.A.,PY,Luis  Esteban Machuca Rojas,6.332,Registro de Marca,
24/02/2026,2614136,5,Hi PRO SOLUCIONES DE HIGIENE PROFESIONAL (SLOGAN),M,Stonefield S.A.,PY,Luis  Esteban Machuca Rojas,6.332,Registro de Marca,
24/02/2026,2614138,35,JV perfumes,M,MARIA LUISA GODOY VDA DE CORTESI,PY,Lilian Raquel Benitez Almirón,6.215,Registro de Marca,
24/02/2026,2614140,5,LABORATORIO KEMEX,D,Laboratorio Kemex S.a.,AR,Maria Cecilia Fernandez Wagener,2.764,Renovación de Marca,1525839
24/02/2026,2614141,35,RAUXA,M,RAUXA E.A.S. UNIPERSONAL,PY,Victor Ismael Cabello Escobar,6.009,Registro de Marca,
24/02/2026,2614142,35,Así na má,M,RAUXA E.A.S. UNIPERSONAL,PY,Victor Ismael Cabello Escobar,6.009,Registro de Marca,
24/02/2026,2614143,41,P PLAY PY,M,PEDRO PABLO NASI REVETTINO,PY,ROBERTO RAFAEL ORTIZ VILLALBA,7.346,Registro de Marca,
24/02/2026,2614144,3,PARIS HILTON,D,Paris Hilton,US,Lilian Lorena Marecos Pereira,6.574,Renovación de Marca,1611411
24/02/2026,2614147,8,Genial,M,"WHOLE BRANDS, S.A.",PA,Lilian Lorena Marecos Pereira,6.574,Registro de Marca,
24/02/2026,2614148,10,Genial,M,"WHOLE BRANDS, S.A.",PA,Lilian Lorena Marecos Pereira,6.574,Registro de Marca,
24/02/2026,2614150,11,Genial,M,"WHOLE BRANDS, S.A.",PA,Lilian Lorena Marecos Pereira,6.574,Registro de Marca,
24/02/2026,2614151,12,Genial,M,"WHOLE BRANDS, S.A.",PA,Lilian Lorena Marecos Pereira,6.574,Registro de Marca,
24/02/2026,2614152,35,GOLDEN CROWN TOBACCO,M,Ali Mohamad Diab,PY,Monica Adelaida De La Cruz,3.352,Renovación de Marca,1521235
24/02/2026,2614153,18,Genial,M,"WHOLE BRANDS, S.A.",PA,Lilian Lorena Marecos Pereira,6.574,Registro de Marca,
24/02/2026,2614154,20,Genial,M,"WHOLE BRANDS, S.A.",PA,Lilian Lorena Marecos Pereira,6.574,Registro de Marca,
24/02/2026,2614155,21,Genial,M,"WHOLE BRANDS, S.A.",PA,Lilian Lorena Marecos Pereira,6.574,Registro de Marca,
24/02/2026,2614156,34,GOLDEN CROWN TOBACCO,M,Ali Mohamad Diab,PY,Monica Adelaida De La Cruz,3.352,Renovación de Marca,1521234
24/02/2026,2614158,24,Genial,M,"WHOLE BRANDS, S.A.",PA,Lilian Lorena Marecos Pereira,6.574,Registro de Marca,
24/02/2026,2614166,25,Genial,M,"WHOLE BRANDS, S.A.",PA,Lilian Lorena Marecos Pereira,6.574,Registro de Marca,
24/02/2026,2614181,12,SPICER,D,Dana Limited,US,Hugo Teodoro Berkemeyer,6,Renovación de Marca,1623658
24/02/2026,2614182,25,FOREVER FASTER,D,Puma Se,DE,Hugo Alexander Berkemeyer Arning,3.297,Renovación de Marca,1550266
24/02/2026,2614184,25,,F,Puma Se,DE,Hugo Alexander Berkemeyer Arning,3.297,Renovación de Marca,1551132
24/02/2026,2614187,25,,F,Puma Se,DE,Hugo Alexander Berkemeyer Arning,3.297,Renovación de Marca,1551141
24/02/2026,2614188,5,WELLMAN,D,Vitabiotics-limited,GB,Hugo Alexander Berkemeyer Arning,3.297,Renovación de Marca,1650497
24/02/2026,2614189,35,KINDLE,D,"Amazon Technologies, Inc.",US,Hugo Teodoro Berkemeyer,6,Renovación de Marca,1362748
24/02/2026,2614190,37,SNICKS,M,DIEGO ANDRES MORALES GAUTO,PY,MANUEL ADOLFO PEREIRA RUIZ,7.755,Registro de Marca,
24/02/2026,2614191,41,KINDLE,D,"Amazon Technologies, Inc.",US,Hugo Teodoro Berkemeyer,6,Renovación de Marca,1362750
24/02/2026,2614192,30,FULL AMBROSOLI,D,Empresas Carozzi S.a.,CL,Rafael Augusto Salomoni Flores,462,Renovación de Marca,1600589
24/02/2026,2614194,38,KINDLE,D,"Amazon Technologies, Inc.",US,Hugo Teodoro Berkemeyer,6,Renovación de Marca,1362749
24/02/2026,2614195,33,+ 18 DEL VALLE,M,Grupo Familiar S.a.,AR,Rafael Augusto Salomoni Flores,462,Renovación de Marca,1445175
24/02/2026,2614196,42,KINDLE,D,"Amazon Technologies, Inc.",US,Hugo Teodoro Berkemeyer,6,Renovación de Marca,1362751
24/02/2026,2614198,5,RUMBO CS,D,GRUPO APANE S.A.,PY,Luis Alberto Vallejos Quiñonez,1.020,Registro de Marca,
24/02/2026,2614208,35,GRANEL MERCADO NATURAL,M,SRTA A GRANEL S.A,PY,Ivan Nadir Bentron Insaurralde,5.109,Registro de Marca,
24/02/2026,2614209,29,Nelore,M,ASOCIACION PARAGUAYA DE CRIADORES DE NELORE (APCN),PY,Hugo R. Mersan Galli,5,Registro de Marca,
24/02/2026,2614210,31,Nelore,M,ASOCIACION PARAGUAYA DE CRIADORES DE NELORE (APCN),PY,Hugo R. Mersan Galli,5,Registro de Marca,
24/02/2026,2614211,29,"Nelore Natural, Novillo a Pasto, Carne Saludable, Asociacion Paraguaya de Criadores de Nelore",M,ASOCIACION PARAGUAYA DE CRIADORES DE NELORE (APCN),PY,Hugo R. Mersan Galli,5,Registro de Marca,
24/02/2026,2614212,29,TËRA,M,SRTA A GRANEL S.A,PY,Ivan Nadir Bentron Insaurralde,5.109,Registro de Marca,
24/02/2026,2614213,31,"Nelore Natural, Novillo a Pasto, Carne Saludable, Asociacion Paraguaya de Criadores de Nelore",M,ASOCIACION PARAGUAYA DE CRIADORES DE NELORE (APCN),PY,Hugo R. Mersan Galli,5,Registro de Marca,
24/02/2026,2614214,9,KINDLE,D,"Amazon Technologies, Inc.",US,Hugo Teodoro Berkemeyer,6,Renovación de Marca,1362747
24/02/2026,2614215,29,"Nelore Natural, Novillo a Pasto. Carne Saludable",M,ASOCIACION PARAGUAYA DE CRIADORES DE NELORE (APCN),PY,Hugo R. Mersan Galli,5,Registro de Marca,
24/02/2026,2614216,29,"Nelore, la raza que eligió Paraguay (Eslogan).",M,ASOCIACION PARAGUAYA DE CRIADORES DE NELORE (APCN),PY,Hugo R. Mersan Galli,5,Registro de Marca,
24/02/2026,2614218,31,"Nelore, la raza que eligió Paraguay (Eslogan).",M,ASOCIACION PARAGUAYA DE CRIADORES DE NELORE (APCN),PY,Hugo R. Mersan Galli,5,Registro de Marca,
24/02/2026,2614219,30,EZEKIEL 4:9,D,"Food For Life Baking Co., Inc.",US,Hugo R. Mersan Galli,5,Renovación de Marca,1609656
24/02/2026,2614220,9,RAZR,D,Razor Usa Llc,US,Hugo R. Mersan Galli,5,Renovación de Marca,1152346
24/02/2026,2614223,35,AN ORIGINAL PENGUIN BY MUNSINGWEAR,D,Perry Ellis International Europe Limited,IE,Hugo R. Mersan Galli,5,Renovación de Marca,1412134
24/02/2026,2614226,44,EDGAR MARTINEZ HAIRSTYLE,M,EDGAR MARTINEZ TOLEDO,PY,Barbara Ojeda,8.127,Registro de Marca,
24/02/2026,2614228,44,DANIELA BENITEZ BEAUTY SALON,M,DANIELA LUJAN BENITEZ LESME,PY,Barbara Ojeda,8.127,Registro de Marca,
24/02/2026,2614229,38,COOPERATIVA YPACARAI,D,"Cooperativa Multiactiva De Ahorro, Credito Y Servicio Ypacarai Ltda.",PY,Roberto Fabian Irigoitia Gallardo,4.400,Renovación de Marca,1524683
24/02/2026,2614231,41,COOPERATIVA YPACARAI,D,"Cooperativa Multiactiva De Ahorro, Crédito Y Servicio Ypacarai Ltda.",PY,Roberto Fabian Irigoitia Gallardo,4.400,Renovación de Marca,1524684
24/02/2026,2614245,43,VERDENA,M,Matias Daniel Came Fadul,PY,Natalia Belén Acuña Flecha,8.176,Registro de Marca,
24/02/2026,2614247,43,WOKII,M,Matias Daniel Came Fadul,PY,Natalia Belén Acuña Flecha,8.176,Registro de Marca,
24/02/2026,2614249,35,ANTAGONISTA,M,MARIA JOSE CABRAL TOLEDO,PY,STEFFI SCHOUTEN BURGOS,7.479,Registro de Marca,
24/02/2026,2614280,41,GERBER,D,GERBER TECHNOLOGY LLC,US,Hugo Alexander Berkemeyer Arning,3.297,Registro de Marca,
24/02/2026,2614281,38,GERBER,D,GERBER TECHNOLOGY LLC,US,Hugo Alexander Berkemeyer Arning,3.297,Registro de Marca,
24/02/2026,2614282,37,GERBER,D,GERBER TECHNOLOGY LLC,US,Hugo Alexander Berkemeyer Arning,3.297,Registro de Marca,
24/02/2026,2614283,35,GERBER,D,GERBER TECHNOLOGY LLC,US,Hugo Alexander Berkemeyer Arning,3.297,Registro de Marca,
24/02/2026,2614284,16,GERBER,D,GERBER TECHNOLOGY LLC,US,Hugo Alexander Berkemeyer Arning,3.297,Registro de Marca,
24/02/2026,2614285,9,GERBER,D,GERBER TECHNOLOGY LLC,US,Hugo Alexander Berkemeyer Arning,3.297,Registro de Marca,
24/02/2026,2614286,7,GERBER,D,GERBER TECHNOLOGY LLC,US,Hugo Alexander Berkemeyer Arning,3.297,Registro de Marca,
24/02/2026,2614287,45,LECTRA,D,LECTRA,FR,Hugo Alexander Berkemeyer Arning,3.297,Registro de Marca,
24/02/2026,2614288,42,LECTRA,D,LECTRA,FR,Hugo Alexander Berkemeyer Arning,3.297,Registro de Marca,
24/02/2026,2614289,41,LECTRA,D,LECTRA,FR,Hugo Alexander Berkemeyer Arning,3.297,Registro de Marca,
24/02/2026,2614290,25,,F,Puma Se,DE,Hugo Alexander Berkemeyer Arning,3.297,Renovación de Marca,1551142
24/02/2026,2614291,35,FRIVEN,M,REFRIGERAÇÃO TIPI LTDA,BR,Hugo Alexander Berkemeyer Arning,3.297,Registro de Marca,
24/02/2026,2614292,9,FRIVEN,M,REFRIGERAÇÃO TIPI LTDA,BR,Hugo Alexander Berkemeyer Arning,3.297,Registro de Marca,
24/02/2026,2614295,8,FRIVEN,M,REFRIGERAÇÃO TIPI LTDA,BR,Hugo Alexander Berkemeyer Arning,3.297,Registro de Marca,
24/02/2026,2614296,7,FRIVEN,M,REFRIGERAÇÃO TIPI LTDA,BR,Hugo Alexander Berkemeyer Arning,3.297,Registro de Marca,
24/02/2026,2614297,6,FRIVEN,M,REFRIGERAÇÃO TIPI LTDA,BR,Hugo Alexander Berkemeyer Arning,3.297,Registro de Marca,
24/02/2026,2614298,1,FRIVEN,M,REFRIGERAÇÃO TIPI LTDA,BR,Hugo Alexander Berkemeyer Arning,3.297,Registro de Marca,
24/02/2026,2614301,45,GERBER,D,GERBER TECHNOLOGY LLC,US,Hugo Alexander Berkemeyer Arning,3.297,Registro de Marca,
24/02/2026,2614302,42,GERBER,D,GERBER TECHNOLOGY LLC,US,Hugo Alexander Berkemeyer Arning,3.297,Registro de Marca,
24/02/2026,2614304,38,LECTRA,D,LECTRA,FR,Hugo Alexander Berkemeyer Arning,3.297,Registro de Marca,
24/02/2026,2614305,37,LECTRA,D,LECTRA,FR,Hugo Alexander Berkemeyer Arning,3.297,Registro de Marca,
24/02/2026,2614306,35,LECTRA,D,LECTRA,FR,Hugo Alexander Berkemeyer Arning,3.297,Registro de Marca,
24/02/2026,2614308,16,LECTRA,D,LECTRA,FR,Hugo Alexander Berkemeyer Arning,3.297,Registro de Marca,
24/02/2026,2614310,9,LECTRA,D,LECTRA,FR,Hugo Alexander Berkemeyer Arning,3.297,Registro de Marca,
24/02/2026,2614312,7,LECTRA,D,LECTRA,FR,Hugo Alexander Berkemeyer Arning,3.297,Registro de Marca,
25/02/2026,2614361,36,UNIVERSITARIA CENTER,D,COOPERATIVA UNIVERSITARIA LIMITADA.,PY,Veronica Esther Drelichman Cymerman,1.605,Registro de Marca,
25/02/2026,2614363,9,CSeguridad,M,CONTINENTAL SEGURIDAD E.A.S. ,PY,Laura Analia Perez Davalos ,6.011,Registro de Marca,
25/02/2026,2614365,35,UNIVERSITARIA CENTER,D,COOPERATIVA UNIVERSITARIA LIMITADA.,PY,Veronica Esther Drelichman Cymerman,1.605,Registro de Marca,
25/02/2026,2614367,9,MM MINI MINI,M,YUAN MINGHONG,PY,Federico Speranza Martinez,6.768,Registro de Marca,
25/02/2026,2614368,5,ANDROCURE MEDICARE,M,ANDREA DOMANSKI GALEANO,PY,Pastor Roche Galeano,36,Registro de Marca,
25/02/2026,2614369,35,CENTRO DE CONVENCIONES COOPERATIVA UNIVERSITARIA,D,COOPERATIVA UNIVERSITARIA LIMITADA.,PY,Veronica Esther Drelichman Cymerman,1.605,Registro de Marca,
25/02/2026,2614371,41,CENTRO DE CONVENCIONES COOPERATIVA UNIVERSITARIA,D,COOPERATIVA UNIVERSITARIA LIMITADA.,PY,Veronica Esther Drelichman Cymerman,1.605,Registro de Marca,
25/02/2026,2614374,43,"CENTRO DE CONVENCIONES COOPERATIVA UNIVERSITARIA,",D,COOPERATIVA UNIVERSITARIA LIMITADA.,PY,Veronica Esther Drelichman Cymerman,1.605,Registro de Marca,
25/02/2026,2614381,35,ANDROCURE MEDICARE,M,ANDREA DOMANSKI GALEANO,PY,Pastor Roche Galeano,36,Registro de Marca,
25/02/2026,2614384,39,ANDROCURE MEDICARE,M,ANDREA DOMANSKI GALEANO,PY,Pastor Roche Galeano,36,Registro de Marca,
25/02/2026,2614413,37,PEDRO CLOSA REDRIGERACION DEL AUTOMOVIL,M,PEDRO ARIEL CLOSA BAREIRO,PY,Carlos Gustavo Baumann Acuña,5.294,Registro de Marca,
25/02/2026,2614421,44,AZUL GARCIA BEAUTY STUDIO,M,AZUL MARIEL GARCIA VERA,PY,SERGIO FEDERICO CHAPARRO OLMEDO,7.180,Registro de Marca,
25/02/2026,2614439,16,REVISTA JURIDICA LA LEY,D,La Ley Paraguaya S.a.,PY,Sergio Silvio Fernandez Ibañez,1.615,Renovación de Marca,1117212
25/02/2026,2614448,29,"Frigo Rochy, más que un Sabor",M,ROBERTO ALFONSO CHINCHILLA NAVARRO,PY,FABIOLA ANTONELLA CARDOZO MAHUR,7.696,Registro de Marca,
25/02/2026,2614474,35,GABO STORE. ESLOGAN: EL PUNTO DE TU ESTILO,M,CARLOS GABRIEL BARRETO BENITEZ,PY,Claudia Gabriela Monzon Alvarez,5.029,Registro de Marca,
25/02/2026,2614480,35,AWA,M,DIANA PAOLA BEATRIZ,PY,Claudia Gabriela Monzon Alvarez,5.029,Registro de Marca,
25/02/2026,2614489,42,MONCHIS,D,Hanoi S.a.,PY,Vanella Amali Barbieri Sarubbi,2.630,Renovación de Marca,1403254
25/02/2026,2614517,35,BC HORMIGONES,M,NELINHO BARBOSA DA COSTA ,PY,Catalina Davalos Gimenez,2.870,Registro de Marca,
25/02/2026,2614522,35,POLLERIA SANTI,M,SANTIAGO BRIZUELA RODRIGUEZ,PY,Catalina Davalos Gimenez,2.870,Registro de Marca,
25/02/2026,2614524,35,FMFERRETERÍA,M,ZULMA BEATRIZ FARIAS PAREDES,PY,Catalina Davalos Gimenez,2.870,Registro de Marca,
25/02/2026,2614532,29,FINCA LA ILÍADA,M,GARGON GROUP S.R.L.,PY,Micaela Dulce María Ortellado Insfran,8.180,Registro de Marca,
25/02/2026,2614534,35,FINCA LA ILÍADA,M,GARGON GROUP S.R.L.,PY,Micaela Dulce María Ortellado Insfran,8.180,Registro de Marca,
25/02/2026,2614540,35,owala TM,M,MOHAMAD KHALIL CHAMSEDDINE,PY,Arnaldo Ramón Escalada Sosa,3.369,Registro de Marca,
25/02/2026,2614543,21,owala TM,M,MOHAMAD KHALIL CHAMSEDDINE,PY,Arnaldo Ramón Escalada Sosa,3.369,Registro de Marca,
25/02/2026,2614560,38,EXITOBET,M,WEST ENERGY S.A.,PY,Cesar Raul Delfino Gines,1.788,Registro de Marca,
25/02/2026,2614562,41,EXITOBET,M,WEST ENERGY S.A.,PY,Cesar Raul Delfino Gines,1.788,Registro de Marca,
25/02/2026,2614570,40,LS LA SIRENITA,M,LA SIRENITA E.A.S,PY,Cristian Daniel Villagra Vallejos,4.180,Registro de Marca,
25/02/2026,2614573,24,CORTINAS CORT,D,INDUSTRIA DE CORTINAS S.R.L. (INDUCORT),PY,Juan Carlos Moreno Amarilla,4.974,Registro de Marca,
25/02/2026,2614576,43,PROFE DIONI,M,DIONISIO SIMON ISASI GONZALEZ,PY,Cristian Daniel Villagra Vallejos,4.180,Registro de Marca,
25/02/2026,2614580,9,CORTINAS CORT,D,INDUSTRIA DE CORTINAS S.R.L. (INDUCORT),PY,Juan Carlos Moreno Amarilla,4.974,Registro de Marca,
25/02/2026,2614593,45,ESCRIBANÍA ARGAÑA,M,ARGAÑA CONTRERAS MARIA TERESA DEL NIÑO JESUS,PY,Siegfried Jürgen Vouga Ocampos,2.906,Registro de Marca,
25/02/2026,2614597,42,GREEN TURTLE TECHONOLOGIES,M,DMITRY SEMENYAKIN,PY,Maria Veronica Vega Britez,4.154,Registro de Marca,
25/02/2026,2614607,29,SUEÑO DORADO,D,Hugo Daniel Sanabria Zotelo,PY,Enrique Ramón Sanchez Sandoval,489,Renovación de Marca,1507149
25/02/2026,2614630,21,NOBEL HOME - 24 HORAS,M,Juana Evangelista Portillo Flores,PY,Liz Dionisia Wagenbach Villasboa,973,Renovación de Marca,1446403
25/02/2026,2614633,18,NOBEL HOME - 24 HORAS,M,Juana Evangelista Portillo Flores,PY,Liz Dionisia Wagenbach Villasboa,973,Renovación de Marca,1446402
25/02/2026,2614640,35,FRESKITTO ICE HELADOS MILKSHAKE,M,LUCAS DEMARCHI KIPPER,PY,Santiago Agustin Gadea Prado,1.632,Registro de Marca,
25/02/2026,2614657,30,DE LA CREME SWEET ATELIER,M,GIULIANNA MONSERRAT SANTACRUZ HIMMELREICH,PY,Raquel Toñanez Ortiz,333,Registro de Marca,
25/02/2026,2614681,35,SAMUU,M,Marpar E.A.S,PY,Luis Antonio Zarate Paiva,5.564,Registro de Marca,
25/02/2026,2614685,32,SAMUU,M,Marpar E.A.S,PY,Luis Antonio Zarate Paiva,5.564,Registro de Marca,
25/02/2026,2614687,35,BG GROUP,M,BIENVENIDO GONZALEZ BAEZ,PY,RONALDO DAVID CHERETTI,7.104,Registro de Marca,
25/02/2026,2614692,37,"A AEROTECH EL FUTURO, A OTRA ALTURA ( MARCA Y SLOGAN)",M,JORDI MONSO CASAS,PY,KEVIN PAUL HUSTIN MARTINEZ,7.495,Registro de Marca,
25/02/2026,2614693,37,BRASLAV,M,Solange Lopes De Castro Hilgert,PY,Pablo Cesar Centeno Roa,7.085,Renovación de Marca,1505745
25/02/2026,2614694,35,DON ENRIQUE,M,Enrique Carlos Maas Uhl,PY,Pablo Cesar Centeno Roa,7.085,Renovación de Marca,1438654
25/02/2026,2614695,35,AO TEXTIL HECHO PARA DESTACAR.,M,CHRISTIAN GABRIEL BOBADILLA MARTINEZ,PY,KEVIN PAUL HUSTIN MARTINEZ,7.495,Registro de Marca,
25/02/2026,2614696,25,AO TEXTIL HECHO PARA DESTACAR.,M,CHRISTIAN GABRIEL BOBADILLA MARTINEZ,PY,KEVIN PAUL HUSTIN MARTINEZ,7.495,Registro de Marca,
25/02/2026,2614697,42,"A AEROTECH EL FUTURO, A OTRA ALTURA ( MARCA Y SLOGAN)",M,JORDI MONSO CASAS,PY,KEVIN PAUL HUSTIN MARTINEZ,7.495,Registro de Marca,
25/02/2026,2614701,36,G GOLDENWATER,M,DANIEL STEFFEN KÖSLER,PY,Merardo Efigenio Roman Aguilera,5.060,Registro de Marca,
25/02/2026,2614705,42,AURODIGITAL,M,CHRISTIAN ADRIÁN GONZÁLEZ,PY,SARA LIZ FLEITAS ALMADA,7.468,Registro de Marca,
25/02/2026,2614720,41,SENTI PARAGUAY,M,TV ACCIÓN S.A.,PY,Ana Maria Patricia Abente,23,Registro de Marca,
25/02/2026,2614724,38,SENTI PARAGUAY,M,TV ACCIÓN S.A.,PY,Ana Maria Patricia Abente,23,Registro de Marca,
25/02/2026,2614727,41,SENTI PASIÓN,M,TV ACCIÓN S.A.,PY,Ana Maria Patricia Abente,23,Registro de Marca,
25/02/2026,2614729,38,SENTI PASIÓN,M,TV ACCIÓN S.A.,PY,Ana Maria Patricia Abente,23,Registro de Marca,
25/02/2026,2614733,41,SENTI,D,TV ACCIÓN S.A.,PY,Ana Maria Patricia Abente,23,Registro de Marca,
25/02/2026,2614735,38,SENTI,D,TV ACCIÓN S.A.,PY,Ana Maria Patricia Abente,23,Registro de Marca,
25/02/2026,2614742,32,Smith 44 SILVER,M,CASA DI CONTI LTDA,BR,Rafael Augusto Salomoni Flores,462,Registro de Marca,
25/02/2026,2614748,35,calm,M,Alejo De Carolis,PY,Rafael Augusto Salomoni Flores,462,Registro de Marca,
25/02/2026,2614756,20,calm,M,Alejo De Carolis,PY,Rafael Augusto Salomoni Flores,462,Registro de Marca,
25/02/2026,2614758,35,dreamö,M,Alejo De Carolis,PY,Rafael Augusto Salomoni Flores,462,Registro de Marca,
25/02/2026,2614760,41,MOSANA,D,MARIA EUGENIA GUGLIELMONE,PY,SANTIAGO ARNALDO GONZALEZ MARECOS,6.736,Registro de Marca,
25/02/2026,2614762,20,dreamö,M,Alejo De Carolis,PY,Rafael Augusto Salomoni Flores,462,Registro de Marca,
25/02/2026,2614764,44,MOSANA,D,MARIA EUGENIA GUGLIELMONE,PY,SANTIAGO ARNALDO GONZALEZ MARECOS,6.736,Registro de Marca,
25/02/2026,2614765,44,AGry MRAG,M,Marcos Artecona Gryciuk,PY,Analia Monserrat Ferreira Gamarra,6.498,Registro de Marca,
25/02/2026,2614766,18,AILIDE,M,Ala Import Export S.a.,CL,Rafael Augusto Salomoni Flores,462,Renovación de Marca,1523664
25/02/2026,2614777,35,WildFi,M,WILD FI PARAGUAY S.A.,PY,Cilia Lissel Romero Sosa,4.543,Registro de Marca,
25/02/2026,2614778,41,PREVENGO!,M,MIRIAN NOEMI LOPEZ ESCOBAR,PY,Cilia Lissel Romero Sosa,4.543,Registro de Marca,
25/02/2026,2614780,44,FAMILAB LABORATORIO DE ANÁLISIS CLÍNICOS,M,OSCAR MANUEL ALVAREZ DUARTE,PY,Cilia Lissel Romero Sosa,4.543,Registro de Marca,
25/02/2026,2614781,41,AVAL CURSILLO,M,JUAN LIDIO AVALOS SOSA,PY,Cilia Lissel Romero Sosa,4.543,Registro de Marca,
25/02/2026,2614782,14,ASU 31,D,ORGANIZACIÓN DEPORTIVA PANAMERICANA A.C. / PANAM SPORTS,MX,Wilfrido Fernandez De Brix,25,Registro de Marca,
25/02/2026,2614783,35,MOONA ACCESORIOS,M,ANGEL RAFAEL VALIENTE,PY,Cilia Lissel Romero Sosa,4.543,Registro de Marca,
25/02/2026,2614785,5,PRAELLA,D,QUIMFA S.A.,PY,Astrid Maria Matilde Weiler Gustafson,1.234,Registro de Marca,
25/02/2026,2614786,16,ASU 31,D,ORGANIZACIÓN DEPORTIVA PANAMERICANA A.C. / PANAM SPORTS,MX,Wilfrido Fernandez De Brix,25,Registro de Marca,
25/02/2026,2614787,5,ANASTAT,D,QUIMFA S.A.,PY,Astrid Maria Matilde Weiler Gustafson,1.234,Registro de Marca,
25/02/2026,2614788,5,ORFOX,D,QUIMFA S.A.,PY,Astrid Maria Matilde Weiler Gustafson,1.234,Registro de Marca,
25/02/2026,2614789,18,ASU 31,D,ORGANIZACIÓN DEPORTIVA PANAMERICANA A.C. / PANAM SPORTS,MX,Wilfrido Fernandez De Brix,25,Registro de Marca,
25/02/2026,2614792,21,ASU 31,D,ORGANIZACIÓN DEPORTIVA PANAMERICANA A.C. / PANAM SPORTS,MX,Wilfrido Fernandez De Brix,25,Registro de Marca,
25/02/2026,2614795,25,ASU 31,D,ORGANIZACIÓN DEPORTIVA PANAMERICANA A.C. / PANAM SPORTS,MX,Wilfrido Fernandez De Brix,25,Registro de Marca,
25/02/2026,2614797,28,ASU 31,D,ORGANIZACIÓN DEPORTIVA PANAMERICANA A.C. / PANAM SPORTS,MX,Wilfrido Fernandez De Brix,25,Registro de Marca,
25/02/2026,2614803,35,ASU 31,D,ORGANIZACIÓN DEPORTIVA PANAMERICANA A.C. / PANAM SPORTS,MX,Wilfrido Fernandez De Brix,25,Registro de Marca,
25/02/2026,2614806,38,ASU 31,D,ORGANIZACIÓN DEPORTIVA PANAMERICANA A.C. / PANAM SPORTS,MX,Wilfrido Fernandez De Brix,25,Registro de Marca,
25/02/2026,2614808,16,HEIDELBERG UNIVERSITY,D,Ruprecht- Karls-universität Heidelberg,DE,Jose Ignacio Olmedo Lansac,1.991,Renovación de Marca,1406820
25/02/2026,2614809,41,UNIVERSITY OF HEIDELBERG,D,Ruprecht- Karls-universität Heidelberg,DE,Jose Ignacio Olmedo Lansac,1.991,Renovación de Marca,1406815
25/02/2026,2614810,39,ASU 31,D,ORGANIZACIÓN DEPORTIVA PANAMERICANA A.C. / PANAM SPORTS,MX,Wilfrido Fernandez De Brix,25,Registro de Marca,
25/02/2026,2614811,1,QUALITOR,D,Sm Marken Gmbh,CH,Jose Ignacio Olmedo Lansac,1.991,Renovación de Marca,1422845
25/02/2026,2614812,41,ASU 31,D,ORGANIZACIÓN DEPORTIVA PANAMERICANA A.C. / PANAM SPORTS,MX,Wilfrido Fernandez De Brix,25,Registro de Marca,
25/02/2026,2614813,37,OneClean PRIMEROS EN LIMPIEZA (SLOGAN),M,PYX PAY S.A,PY,Maria Adelaida Ovejero Vera,3.299,Registro de Marca,
25/02/2026,2614814,42,LAND SPACE,M,STARA S/A INDÚSTRIA DE IMPLEMENTOS AGRÍCOLAS ,BR,Oscar Reinaldo Schouten Junghanns,496,Registro de Marca,
25/02/2026,2614815,9,LAND SPACE,M,STARA S/A INDÚSTRIA DE IMPLEMENTOS AGRÍCOLAS ,BR,Oscar Reinaldo Schouten Junghanns,496,Registro de Marca,
25/02/2026,2614818,38,LAND SPACE,M,STARA S/A INDÚSTRIA DE IMPLEMENTOS AGRÍCOLAS ,BR,Oscar Reinaldo Schouten Junghanns,496,Registro de Marca,
25/02/2026,2614825,35,COIMPEX,D,Carlos Antonio Vera Vargas,PY,Roberto Fabian Irigoitia Gallardo,4.400,Renovación de Marca,1524107
25/02/2026,2614828,31,COIMPEX,D,Carlos Antonio Vera Vargas,PY,Roberto Fabian Irigoitia Gallardo,4.400,Renovación de Marca,1524108
25/02/2026,2614832,30,COIMPEX,D,Carlos Antonio Vera Vargas,PY,Roberto Fabian Irigoitia Gallardo,4.400,Renovación de Marca,1524105
25/02/2026,2614835,29,COIMPEX,D,Carlos Antonio Vera Vargas,PY,Roberto Fabian Irigoitia Gallardo,4.400,Renovación de Marca,1524103
25/02/2026,2614840,11,COIMPEX,D,Carlos Antonio Vera Vargas,PY,Roberto Fabian Irigoitia Gallardo,4.400,Renovación de Marca,1524102
25/02/2026,2614845,9,COIMPEX,D,Carlos Antonio Vera Vargas,PY,Roberto Fabian Irigoitia Gallardo,4.400,Renovación de Marca,1524101
25/02/2026,2614849,35,MINIMARKET DOÑA ROSA,D,Miguel Angel Franco Arevalos,PY,Roberto Fabian Irigoitia Gallardo,4.400,Registro de Marca,
25/02/2026,2614851,43,CB HONEY,M,Claudia Elvira Bobadilla Barudi,PY,Hugo Alexander Berkemeyer Arning,3.297,Renovación de Marca,1647317
25/02/2026,2614857,35,CB HONEY,M,Claudia Elvira Bobadilla Barudi,PY,Hugo Alexander Berkemeyer Arning,3.297,Renovación de Marca,1647318
25/02/2026,2614862,30,CB HONEY,M,Claudia Elvira Bobadilla Barudi,PY,Hugo Alexander Berkemeyer Arning,3.297,Renovación de Marca,1647319
25/02/2026,2614866,9,,F,Seagate Technology Llc.,US,Hugo Alexander Berkemeyer Arning,3.297,Renovación de Marca,1507222
25/02/2026,2614869,35,NENE PNEUS,D,Adalgisa Winckler Gonzalez,PY,Hugo Alexander Berkemeyer Arning,3.297,Renovación de Marca,1674103
25/02/2026,2614873,3,ADVANTIS,D,Ecolab USA Inc.,US,Hugo Alexander Berkemeyer Arning,3.297,Registro de Marca,
25/02/2026,2614886,14,ASUNCION 2031,D,ORGANIZACIÓN DEPORTIVA PANAMERICANA A.C. / PANAM SPORTS,MX,Wilfrido Fernandez De Brix,25,Registro de Marca,
25/02/2026,2614889,16,ASUNCION 2031,D,ORGANIZACIÓN DEPORTIVA PANAMERICANA A.C. / PANAM SPORTS,MX,Wilfrido Fernandez De Brix,25,Registro de Marca,
25/02/2026,2614892,18,ASUNCION 2031,D,ORGANIZACIÓN DEPORTIVA PANAMERICANA A.C. / PANAM SPORTS,MX,Wilfrido Fernandez De Brix,25,Registro de Marca,
25/02/2026,2614893,21,ASUNCION 2031,D,ORGANIZACIÓN DEPORTIVA PANAMERICANA A.C. / PANAM SPORTS,MX,Wilfrido Fernandez De Brix,25,Registro de Marca,
25/02/2026,2614894,25,ASUNCION 2031,D,ORGANIZACIÓN DEPORTIVA PANAMERICANA A.C. / PANAM SPORTS,MX,Wilfrido Fernandez De Brix,25,Registro de Marca,
25/02/2026,2614895,28,ASUNCION 2031,D,ORGANIZACIÓN DEPORTIVA PANAMERICANA A.C. / PANAM SPORTS,MX,Wilfrido Fernandez De Brix,25,Registro de Marca,
25/02/2026,2614896,14,ASU 2031,D,ORGANIZACIÓN DEPORTIVA PANAMERICANA A.C. / PANAM SPORTS,MX,Wilfrido Fernandez De Brix,25,Registro de Marca,
25/02/2026,2614897,35,ASUNCION 2031,D,ORGANIZACIÓN DEPORTIVA PANAMERICANA A.C. / PANAM SPORTS,MX,Wilfrido Fernandez De Brix,25,Registro de Marca,
25/02/2026,2614898,16,ASU 2031,D,ORGANIZACIÓN DEPORTIVA PANAMERICANA A.C. / PANAM SPORTS,MX,Wilfrido Fernandez De Brix,25,Registro de Marca,
25/02/2026,2614899,38,ASUNCION 2031,D,ORGANIZACIÓN DEPORTIVA PANAMERICANA A.C. / PANAM SPORTS,MX,Wilfrido Fernandez De Brix,25,Registro de Marca,
25/02/2026,2614900,18,ASU 2031,D,ORGANIZACIÓN DEPORTIVA PANAMERICANA A.C. / PANAM SPORTS,MX,Wilfrido Fernandez De Brix,25,Registro de Marca,
25/02/2026,2614901,39,ASUNCION 2031,D,ORGANIZACIÓN DEPORTIVA PANAMERICANA A.C. / PANAM SPORTS,MX,Wilfrido Fernandez De Brix,25,Registro de Marca,
25/02/2026,2614902,21,ASU 2031,D,ORGANIZACIÓN DEPORTIVA PANAMERICANA A.C. / PANAM SPORTS,MX,Wilfrido Fernandez De Brix,25,Registro de Marca,
25/02/2026,2614903,41,ASUNCION 2031,D,ORGANIZACIÓN DEPORTIVA PANAMERICANA A.C. / PANAM SPORTS,MX,Wilfrido Fernandez De Brix,25,Registro de Marca,
25/02/2026,2614904,25,ASU 2031,D,ORGANIZACIÓN DEPORTIVA PANAMERICANA A.C. / PANAM SPORTS,MX,Wilfrido Fernandez De Brix,25,Registro de Marca,
25/02/2026,2614905,28,ASU 2031,D,ORGANIZACIÓN DEPORTIVA PANAMERICANA A.C. / PANAM SPORTS,MX,Wilfrido Fernandez De Brix,25,Registro de Marca,
25/02/2026,2614906,35,ASU 2031,D,ORGANIZACIÓN DEPORTIVA PANAMERICANA A.C. / PANAM SPORTS,MX,Wilfrido Fernandez De Brix,25,Registro de Marca,
25/02/2026,2614907,38,ASU 2031,D,ORGANIZACIÓN DEPORTIVA PANAMERICANA A.C. / PANAM SPORTS,MX,Wilfrido Fernandez De Brix,25,Registro de Marca,
25/02/2026,2614908,39,ASU 2031,D,ORGANIZACIÓN DEPORTIVA PANAMERICANA A.C. / PANAM SPORTS,MX,Wilfrido Fernandez De Brix,25,Registro de Marca,
25/02/2026,2614909,3,Avon Power Stay Tech,D,Natura & Co Luxembourg Holdings S.à r.l.,LU,Wilfrido Fernandez De Brix,25,Registro de Marca,
25/02/2026,2614910,41,ASU 2031,D,ORGANIZACIÓN DEPORTIVA PANAMERICANA A.C. / PANAM SPORTS,MX,Wilfrido Fernandez De Brix,25,Registro de Marca,
25/02/2026,2614911,5,Belperia,D,JOINT STOCK COMPANY “BIOCAD” ,RU,Wilfrido Fernandez De Brix,25,Registro de Marca,
25/02/2026,2614913,1,GOODACTION,M,FORMARCAS LTDA.,BR,Wilfrido Fernandez De Brix,25,Registro de Marca,
25/02/2026,2614918,3,Avon Renew Tech,D,Natura & Co Luxembourg Holdings S.à r.l.,LU,Wilfrido Fernandez De Brix,25,Registro de Marca,
25/02/2026,2614921,6,METALBO,M,Rex Máquinas E Equipamentos Ltda.,BR,Wilfrido Fernandez De Brix,25,Renovación de Marca,1452468
25/02/2026,2614925,32,ACTIVIA,M,Compagnie Gervais Danone,FR,Wilfrido Fernandez De Brix,25,Renovación de Marca,1530271
25/02/2026,2614926,5,HUNTAVY,D,uniQure biopharma B.V.,NL,Wilfrido Fernandez De Brix,25,Registro de Marca,
25/02/2026,2614928,5,HUNVYSTA,D,uniQure biopharma B.V.,NL,Wilfrido Fernandez De Brix,25,Registro de Marca,
25/02/2026,2614936,42,LG VIP PHARMA,D,LG VIP S.A.,PY,Rodrigo Alfonso Benitez Ferreira,2.557,Registro de Marca,
25/02/2026,2614941,44,LG VIP PHARMA,D,LG VIP S.A.,PY,Rodrigo Alfonso Benitez Ferreira,2.557,Registro de Marca,
25/02/2026,2615023,1,DELTA,M,NORDELTA S.A.,PY,Hugo R. Mersan Galli,5,Registro de Marca,
25/02/2026,2615024,5,DELTA,M,NORDELTA S.A.,PY,Hugo R. Mersan Galli,5,Registro de Marca,
25/02/2026,2615025,31,DELTA,M,NORDELTA S.A.,PY,Hugo R. Mersan Galli,5,Registro de Marca,
25/02/2026,2615027,35,NORDELTA,M,NORDELTA S.A.,PY,Hugo R. Mersan Galli,5,Registro de Marca,
26/02/2026,2615035,36,WA INMOBILIARIA,M,Wa Developers S.r.l.,PY,Shirley Lucia Cantero Figueredo,2.499,Renovación de Marca,1404646
26/02/2026,2615041,18,KORVAN,M,MARTIN MARTIN LOPEZ MARIN ,PY,Juan Antonio Garcia Dominguez,1.904,Registro de Marca,
26/02/2026,2615042,35,CURTO,D,SERGIO VENUTO MAGALHAES,PY,Juan Antonio Garcia Dominguez,1.904,Registro de Marca,
26/02/2026,2615043,30,CURTO,D,SERGIO VENUTO MAGALHAES,PY,Juan Antonio Garcia Dominguez,1.904,Registro de Marca,
26/02/2026,2615044,43,CURTO,D,SERGIO VENUTO MAGALHAES,PY,Juan Antonio Garcia Dominguez,1.904,Registro de Marca,
26/02/2026,2615046,9,CELLOLOGY,M,ROBSON INACIO RIBEIRO FINK,PY,Luis Alberto Vallejos Quiñonez,1.020,Registro de Marca,
26/02/2026,2615047,3,CELLOLOGY,M,ROBSON INACIO RIBEIRO FINK,PY,Luis Alberto Vallejos Quiñonez,1.020,Registro de Marca,
26/02/2026,2615048,44,PremiumPet,D,ANA PAULA LUCIA CARDOZO ZELADA.,PY,Luis Alberto Vallejos Jimenez,4.270,Registro de Marca,
26/02/2026,2615049,30,MG MAGOT Origen artesanal de Ybycui (slogan),M,MARIA GUADALUPE CONCEPCION OTAZU ESTECHE,PY,Rosa Maria Estigarribia Benitez,4.596,Registro de Marca,
26/02/2026,2615052,16,DIA DEL CUADERNO ALAMO TODO COMIENZA CON UN CUADERNO,M,ALAMO S.A.,PY,Adelaida Victorina Rojas De Muñoz,391,Registro de Marca,
26/02/2026,2615053,16,DIA NACIONAL DEL CUADERNO ALAMO TODO COMIENZA CON UN CUADERNO,M,ALAMO S.A.,PY,Adelaida Victorina Rojas De Muñoz,391,Registro de Marca,
26/02/2026,2615054,41,DIA DEL CUADERNO ALAMO TODO COMIENZA CON UN CUADERNO,M,ALAMO S.A.,PY,Adelaida Victorina Rojas De Muñoz,391,Registro de Marca,
26/02/2026,2615055,41,DIA NACIONAL DEL CUADERNO ALAMO TODO COMIENZA CON UN CUADERNO,M,ALAMO S.A.,PY,Adelaida Victorina Rojas De Muñoz,391,Registro de Marca,
26/02/2026,2615059,35,DIA NACIONAL DEL CUADERNO ALAMO TODO COMIENZA CON UN CUADERNO,M,ALAMO S.A.,PY,Adelaida Victorina Rojas De Muñoz,391,Registro de Marca,
26/02/2026,2615062,35,DIA DEL CUADERNO ALAMO TODO COMIENZA CON UN CUADERNO,M,ALAMO S.A.,PY,Adelaida Victorina Rojas De Muñoz,391,Registro de Marca,
26/02/2026,2615065,45,GROMA Estudio Jurídico,M,RUTH GIANINNA MACCHI ROA,PY,RUTH GIANINNA MACCHI ROA,7.589,Registro de Marca,
26/02/2026,2615066,38,FITFIT,M,Guillermo Preda Vallejos,PY,Siegfried Jürgen Vouga Ocampos,2.906,Registro de Marca,
26/02/2026,2615067,38,FUZZ ALBIROAD,M,Guillermo Preda Vallejos,PY,Siegfried Jürgen Vouga Ocampos,2.906,Registro de Marca,
26/02/2026,2615084,16,THE STARBUCKS COFFEE COMPANY,D,Starbucks Corporation,US,Elba Rosa Britez De Ortiz,109,Registro de Marca,
26/02/2026,2615088,18,THE STARBUCKS COFFEE COMPANY,D,Starbucks Corporation,US,Elba Rosa Britez De Ortiz,109,Registro de Marca,
26/02/2026,2615090,21,THE STARBUCKS COFFEE COMPANY,D,Starbucks Corporation,US,Elba Rosa Britez De Ortiz,109,Registro de Marca,
26/02/2026,2615091,30,STARBUCKS COFFEE CO,M,Starbucks Corporation,US,Elba Rosa Britez De Ortiz,109,Registro de Marca,
26/02/2026,2615093,32,STARBUCKS COFFEE CO,M,Starbucks Corporation,US,Elba Rosa Britez De Ortiz,109,Registro de Marca,
26/02/2026,2615094,25,THE STARBUCKS COFFEE COMPANY,D,Starbucks Corporation,US,Elba Rosa Britez De Ortiz,109,Registro de Marca,
26/02/2026,2615095,35,STARBUCKS COFFEE CO,M,Starbucks Corporation,US,Elba Rosa Britez De Ortiz,109,Registro de Marca,
26/02/2026,2615096,30,THE STARBUCKS COFFEE COMPANY,D,Starbucks Corporation,US,Elba Rosa Britez De Ortiz,109,Registro de Marca,
26/02/2026,2615097,43,STARBUCKS COFFEE CO,M,Starbucks Corporation,US,Elba Rosa Britez De Ortiz,109,Registro de Marca,
26/02/2026,2615098,35,Código Mujer de Caro Tovar,D,CAROLINA TOVAR AMADEO,PY,Osmar Alejandro Baez Cardozo,4.470,Registro de Marca,
26/02/2026,2615099,32,THE STARBUCKS COFFEE COMPANY,D,Starbucks Corporation,US,Elba Rosa Britez De Ortiz,109,Registro de Marca,
26/02/2026,2615100,21,STARBUCKS COFFEE CO,M,Starbucks Corporation,US,Elba Rosa Britez De Ortiz,109,Registro de Marca,
26/02/2026,2615101,29,STARBUCKS COFFEE CO,M,Starbucks Corporation,US,Elba Rosa Britez De Ortiz,109,Registro de Marca,
26/02/2026,2615102,38,Código Mujer de Caro Tovar,D,CAROLINA TOVAR AMADEO,PY,Osmar Alejandro Baez Cardozo,4.470,Registro de Marca,
26/02/2026,2615103,35,THE STARBUCKS COFFEE COMPANY,D,Starbucks Corporation,US,Elba Rosa Britez De Ortiz,109,Registro de Marca,
26/02/2026,2615104,30,STARBUCKS COFFEE CO,M,Starbucks Corporation,US,Elba Rosa Britez De Ortiz,109,Registro de Marca,
26/02/2026,2615105,41,THE STARBUCKS COFFEE COMPANY,D,Starbucks Corporation,US,Elba Rosa Britez De Ortiz,109,Registro de Marca,
26/02/2026,2615106,41,Código Mujer de Caro Tovar,D,CAROLINA TOVAR AMADEO,PY,Osmar Alejandro Baez Cardozo,4.470,Registro de Marca,
26/02/2026,2615107,32,STARBUCKS COFFEE CO,M,Starbucks Corporation,US,Elba Rosa Britez De Ortiz,109,Registro de Marca,
26/02/2026,2615108,35,S SUPLES PHARMA,M,MUNDO DIGITAL S.A.,PY,Adriana Fabricia Diaz Crous,3.102,Registro de Marca,
26/02/2026,2615109,43,THE STARBUCKS COFFEE COMPANY,D,Starbucks Corporation,US,Elba Rosa Britez De Ortiz,109,Registro de Marca,
26/02/2026,2615110,44,Código Mujer de Caro Tovar,D,CAROLINA TOVAR AMADEO,PY,Osmar Alejandro Baez Cardozo,4.470,Registro de Marca,
26/02/2026,2615111,31,COLLtex by Viscofan,D,"VISCOFAN, S.A.",ES,Elba Rosa Britez De Ortiz,109,Registro de Marca,
26/02/2026,2615112,35,STARBUCKS COFFEE CO,M,Starbucks Corporation,US,Elba Rosa Britez De Ortiz,109,Registro de Marca,
26/02/2026,2615113,43,STARBUCKS COFFEE CO,M,Starbucks Corporation,US,Elba Rosa Britez De Ortiz,109,Registro de Marca,
26/02/2026,2615198,5,MENTORUB,D,Ruoti y Cía. S.A.,PY,Ada Nelly Torres De Centeno,862,Renovación de Marca,1534222
26/02/2026,2615201,27,PLIMER,M,Plimer S.a.,AR,Ada Nelly Torres De Centeno,862,Renovación de Marca,1579319
26/02/2026,2615204,35,E ENIFLER,M,DIONE FLER MIRANDA CARDOSO ,PY,LAURA JAZMIN LÓPEZ CRISTALDO,6.800,Registro de Marca,
26/02/2026,2615206,9,E ENIFLER,M,DIONE FLER MIRANDA CARDOSO ,PY,LAURA JAZMIN LÓPEZ CRISTALDO,6.800,Registro de Marca,
26/02/2026,2615216,35,Gerhoff,D,OM S.R.L.,PY,Enrique Ramón Sanchez Sandoval,489,Registro de Marca,
26/02/2026,2615217,38,CDENET (SLOGAN) Tu provedor de soluciones,M,VICENTE SOSA PERALTA,PY,Maura Velazco Villalba,4.561,Registro de Marca,
26/02/2026,2615219,42,TRAFOTEC. TRANSFORMADORES ING. ELECTRICA,M,Marcia Regina Czycza,PY,Maura Velazco Villalba,4.561,Registro de Marca,
26/02/2026,2615222,8,GERHOFF,D,OM S.R.L.,PY,Enrique Ramón Sanchez Sandoval,489,Registro de Marca,
26/02/2026,2615223,6,MG METAL GAR,M,Marcial Garcia Ramirez,PY,Maura Velazco Villalba,4.561,Registro de Marca,
26/02/2026,2615241,16,FAMISOFT,D,LABORATORIOS MAGNA S.A.,PY,Aida Margarita Godoy Salvado,838,Registro de Marca,
26/02/2026,2615245,16,OSISOFT,D,LABORATORIOS MAGNA S.A.,PY,Aida Margarita Godoy Salvado,838,Registro de Marca,
26/02/2026,2615250,45,HAZTE LIBRE RFP RESIDENCIA FISCAL PARAGUAY,M,Sébastien Salcedo.,PY,Lilian Vanesa Ayala Cuevas,5.194,Registro de Marca,
26/02/2026,2615251,16,NATUROLL,D,LABORATORIOS MAGNA S.A.,PY,Aida Margarita Godoy Salvado,838,Registro de Marca,
26/02/2026,2615253,16,VERDESSA,D,LABORATORIOS MAGNA S.A.,PY,Aida Margarita Godoy Salvado,838,Registro de Marca,
26/02/2026,2615257,16,FOXY,D,LABORATORIOS MAGNA S.A.,PY,Aida Margarita Godoy Salvado,838,Registro de Marca,
26/02/2026,2615262,5,DERMANIOS,D,ECOLAB USA INC.,US,Victor Ramon Augusto Abente Brun,10,Renovación de Marca,1423352
26/02/2026,2615266,3,DERMANIOS,D,ECOLAB USA INC.,US,Victor Ramon Augusto Abente Brun,10,Renovación de Marca,1423351
26/02/2026,2615270,5,ROZEREM,D,Takeda Pharmaceutical Company Limited,JP,Victor Ramon Augusto Abente Brun,10,Renovación de Marca,1600400
26/02/2026,2615272,12,GOETZE,D,Federal-mogul Limited,GB,Victor Ramon Augusto Abente Brun,10,Renovación de Marca,1579099
26/02/2026,2615273,7,GOETZE,D,Federal-mogul Limited,GB,Victor Ramon Augusto Abente Brun,10,Renovación de Marca,1579102
26/02/2026,2615275,7,,F,Federal-mogul Limited,GB,Victor Ramon Augusto Abente Brun,10,Renovación de Marca,1579073
26/02/2026,2615277,31,S SEMILLAS SUDAMERICA,M,GRUPO SUDAMERICA S.A.,PY,NICOLÁS GONZALEZ LEZCANO,7.712,Registro de Marca,
26/02/2026,2615278,12,,F,Federal-mogul Limited,GB,Victor Ramon Augusto Abente Brun,10,Renovación de Marca,1579072
26/02/2026,2615280,35,S GRUPO SUDAMERICA,M,GRUPO SUDAMERICA S.A.,PY,NICOLÁS GONZALEZ LEZCANO,7.712,Registro de Marca,
26/02/2026,2615281,12,MULTIHAWK,D,"Bridgestone Americas, Inc.",US,Victor Ramon Augusto Abente Brun,10,Renovación de Marca,1514920
26/02/2026,2615282,44,AGRIFOR TECH,M,Agrifor Tech E.A.S.,PY,NICOLÁS GONZALEZ LEZCANO,7.712,Registro de Marca,
26/02/2026,2615284,12,FIREHAWK,D,"Bridgestone Americas, Inc.",US,Victor Ramon Augusto Abente Brun,10,Renovación de Marca,1516025
26/02/2026,2615287,9,UNIX,D,The Open Group Limited,GB,Victor Ramon Augusto Abente Brun,10,Renovación de Marca,1638350
26/02/2026,2615288,25,S SENSUALITE MODA ÚLTIMA & SEX SHOP,M,DEBORA ALICE DE CARVALHO,PY,Catalina Davalos Gimenez,2.870,Registro de Marca,
26/02/2026,2615290,35,S SENSUALITE MODA ÚLTIMA & SEX SHOP,M,DEBORA ALICE DE CARVALHO,PY,Catalina Davalos Gimenez,2.870,Registro de Marca,
26/02/2026,2615291,8,BAHCO,D,Kapman Ab,SE,Victor Ramon Augusto Abente Brun,10,Renovación de Marca,1522811
26/02/2026,2615292,30,K KASERITAS DE EDUARDO GOMEZ Y LORENA DE GOMEZ,M,LORENA BEATRIZ CABALLERO DE GOMEZ,PY,Catalina Davalos Gimenez,2.870,Registro de Marca,
26/02/2026,2615301,7,BAHCO,D,Kapman Ab,SE,Victor Ramon Augusto Abente Brun,10,Renovación de Marca,1522809
26/02/2026,2615310,43,- EL CHURRAZO Y CIA -ELCHURRAZO Y CIA,M,MILTON ENRIQUE GIRIBALDI DIAZ,PY,Noelia Carolina Cabrera Duarte,5.708,Registro de Marca,
26/02/2026,2615316,37,Concordia,M,Emprendimientos Concordia Sociedad Anonima,PY,Rubén Darío Cáceres Melo,7.689,Registro de Marca,
26/02/2026,2615317,36,Edificio Chez Nous Depuis 2.013,M,JOSE ALBERTO JARA GONZALEZ,PY,LUIS MARIA LAVIOSA BERDEJO,6.740,Registro de Marca,
26/02/2026,2615322,43,ICEBAR,D,Patricia Chamorro,PY,José María Cardozo Saguier,448,Renovación de Marca,1405543
26/02/2026,2615324,29,ICEBAR,D,Patricia Chamorro,PY,José María Cardozo Saguier,448,Renovación de Marca,1405542
26/02/2026,2615326,35,OFERLIBRO,D,Alejandro Gatti Van Humbeck,PY,Elba Rosa Britez De Ortiz,109,Renovación de Marca,1641839
26/02/2026,2615328,5,VAC-TEN-ORAL,D,Dallas S.a.,PY,José Efraim Cardozo Fiorio,5.101,Renovación de Marca,1664052
26/02/2026,2615331,35,DS DOCTOR SHOPP,M,SANNIE LARISSA IBARROLA LAURENT,PY,ANA MARÍA HANS GARCETE,6.744,Registro de Marca,
26/02/2026,2615335,5,LEXIBAC,D,Dallas S.a.,PY,José Efraim Cardozo Fiorio,5.101,Renovación de Marca,1664053
26/02/2026,2615337,5,VAS-DI-AR,D,Dallas S.a.,PY,José Efraim Cardozo Fiorio,5.101,Renovación de Marca,1647597
26/02/2026,2615340,1,COLLtex by Viscofan,D,"VISCOFAN, S.A.",ES,Elba Rosa Britez De Ortiz,109,Registro de Marca,
26/02/2026,2615342,5,BETAMIZOL,D,Dallas S.a.,PY,José Efraim Cardozo Fiorio,5.101,Renovación de Marca,1644911
26/02/2026,2615343,29,THE STARBUCKS COFFEE COMPANY,D,Starbucks Corporation,US,Elba Rosa Britez De Ortiz,109,Registro de Marca,
26/02/2026,2615346,5,BELLADERM FEMME,D,Dallas S.a.,PY,José Efraim Cardozo Fiorio,5.101,Renovación de Marca,1322155
26/02/2026,2615347,21,STARBUCKS COFFEE CO,M,Starbucks Corporation,US,Elba Rosa Britez De Ortiz,109,Registro de Marca,
26/02/2026,2615348,29,STARBUCKS COFFEE CO,M,Starbucks Corporation,US,Elba Rosa Britez De Ortiz,109,Registro de Marca,
26/02/2026,2615349,5,ANTALGICO,D,Dallas S.a.,PY,José Efraim Cardozo Fiorio,5.101,Renovación de Marca,1647604
26/02/2026,2615355,5,TOSITEC,D,Dallas S.a.,PY,José Efraim Cardozo Fiorio,5.101,Renovación de Marca,1632889
26/02/2026,2615384,35,"PC CAFÉ CON CORAZÓN PARAGUAYO, ¡ DISFRUTÁ TU MOMENTO",M,DORIANA ROSALYN GONZALEZ RODRIGUEZ,PY,Gladys Rosanna Lopez,4.848,Registro de Marca,
26/02/2026,2615392,39,C CONTINENTAL DESPACHOS ADUANEROS,M,LUIS FERNANDO IBARRA YEGROS,PY,Gladys Rosanna Lopez,4.848,Registro de Marca,
26/02/2026,2615396,35,C CONTINENTAL DESPACHOS ADUANEROS,M,LUIS FERNANDO IBARRA YEGROS,PY,Gladys Rosanna Lopez,4.848,Registro de Marca,
26/02/2026,2615400,44,AV AMAVI DONDE EL AMOR SE TRASFORMA EN BELLEZA,M,LOIVANI GOULART ANSCHAU,PY,Gladys Rosanna Lopez,4.848,Registro de Marca,
26/02/2026,2615402,44,AV AMAVI DONDE EL AMOR SE TRANSFORMA EN BELLEZA,M,LOIVANI GOULART ANSCHAU,PY,Gladys Rosanna Lopez,4.848,Registro de Marca,
26/02/2026,2615405,5,LEFLUMIX,D,Dallas S.a.,PY,José Efraim Cardozo Fiorio,5.101,Renovación de Marca,1684214
26/02/2026,2615406,39,PYAE ENERGIA,M,RAUL GOMES RAMALHO NETO,PY,Gladys Rosanna Lopez,4.848,Registro de Marca,
26/02/2026,2615409,35,PYAE ENERGIA,M,RAUL GOMES RAMALHO NETO,PY,Gladys Rosanna Lopez,4.848,Registro de Marca,
26/02/2026,2615413,9,PYAE ENERGIA,M,RAUL GOMES RAMALHO NETO,PY,Gladys Rosanna Lopez,4.848,Registro de Marca,
26/02/2026,2615418,40,"PC CAFÉ CON CORAZÓN PARAGUAYO, ¡ DISFRUTÁ TU MOMENTO",M,DORIANA ROSALYN GONZALEZ RODRIGUEZ,PY,Gladys Rosanna Lopez,4.848,Registro de Marca,
26/02/2026,2615419,44,CHINO BARBWR FADES & GENTLEMENS CUTS,M,ANA MARCIA VALENCUELA DE ARGUELLO,PY,KEVIN PAUL HUSTIN MARTINEZ,7.495,Registro de Marca,
26/02/2026,2615421,30,"PC CAFÉ CON CORAZÓN PARAGUAYO, ¡ DISFRUTÁ TU MOMENTO",M,DORIANA ROSALYN GONZALEZ RODRIGUEZ,PY,Gladys Rosanna Lopez,4.848,Registro de Marca,
26/02/2026,2615428,30,Sapore,M,SAPORE E.A.S.,PY,Oscar Enrique Elizeche Landó,4.708,Registro de Marca,
26/02/2026,2615431,43,Sapore,M,SAPORE E.A.S.,PY,Oscar Enrique Elizeche Landó,4.708,Registro de Marca,
26/02/2026,2615436,37,WASH BOX,M,Guarani Company S.A.,PY,FEDERICO GONZÁLEZ PLANAS BENITEZ,7.838,Registro de Marca,
26/02/2026,2615458,44,CIAVI CONSULTORA INTEGRAL AVÍCOLA,M,CRISTHIAN EDUARDO POLETTI SCHREMPP,PY,ANA MARÍA HANS GARCETE,6.744,Registro de Marca,
26/02/2026,2615473,29,MATU,D,MATEO PEREZ CRESPI,PY,Ivan Nadir Bentron Insaurralde,5.109,Registro de Marca,
26/02/2026,2615492,35,FARMALINE,M,Dallas S.a.,PY,José Efraim Cardozo Fiorio,5.101,Renovación de Marca,1243379
26/02/2026,2615496,5,LAMBIVET,D,Guayaki S.A.,PY,José Efraim Cardozo Fiorio,5.101,Registro de Marca,
26/02/2026,2615513,12,HALLEY TRAILER,M,SILVEIRA FRANCO & CIA LTDA - ME,BR,Carmelo Alberto Modica Dichirico,1.225,Registro de Marca,
26/02/2026,2615514,12,membat,M,"QINGDAO SENTURY TIRE CO., LTD.",CN,Rafael Augusto Salomoni Flores,462,Registro de Marca,
26/02/2026,2615515,35,HALLEY TRAILER,M,SILVEIRA FRANCO & CIA LTDA - ME,BR,Carmelo Alberto Modica Dichirico,1.225,Registro de Marca,
26/02/2026,2615516,3,CENTRALSUL,M,Centralsul Industria E Comercio De Produtos Quimicos Ltda,BR,Rafael Augusto Salomoni Flores,462,Renovación de Marca,1429011
26/02/2026,2615525,44,Redion,M,EUROP ASSISTANCE HOLDING,FR,Wilfrido Fernandez De Brix,25,Registro de Marca,
26/02/2026,2615528,39,Redion,M,EUROP ASSISTANCE HOLDING,FR,Wilfrido Fernandez De Brix,25,Registro de Marca,
26/02/2026,2615530,35,MBOPPI,M,Rodrigo de Jesus Franco Cuyuri ,PY,Analia Monserrat Ferreira Gamarra,6.498,Registro de Marca,
26/02/2026,2615531,37,Redion,M,EUROP ASSISTANCE HOLDING,FR,Wilfrido Fernandez De Brix,25,Registro de Marca,
26/02/2026,2615532,25,MBOPPI,M,Rodrigo de Jesus Franco Cuyuri ,PY,Analia Monserrat Ferreira Gamarra,6.498,Registro de Marca,
26/02/2026,2615533,36,Redion,M,EUROP ASSISTANCE HOLDING,FR,Wilfrido Fernandez De Brix,25,Registro de Marca,
26/02/2026,2615534,35,IRUN INGENIERIA,M,José Tomás Irún García,PY,Analia Monserrat Ferreira Gamarra,6.498,Registro de Marca,
26/02/2026,2615535,35,Redion,M,EUROP ASSISTANCE HOLDING,FR,Wilfrido Fernandez De Brix,25,Registro de Marca,
26/02/2026,2615536,33,LAGRIMAS DE ZURDO,D,GRUPO AMALFI EAS,PY,Juan Diego Fernandez Arce,7.776,Registro de Marca,
26/02/2026,2615537,37,"LOCK FIRE & SAFETY CONSULTING, INDUSTRIAL SERVICES",M,LOCK FIRE SAFETY CONSULTING & INDUSTRIAL SERVICES E.A.S.,PY,OLINDA MARIA BELEN LLANO FRANCO,6.822,Registro de Marca,
26/02/2026,2615539,45,Redion,M,EUROP ASSISTANCE HOLDING,FR,Wilfrido Fernandez De Brix,25,Registro de Marca,
26/02/2026,2615540,30,Teo Fariña pastas,M,FATIMA TEODOLINA FARIÑA LESME,PY,Manuel Amelio Arias Rios,3.142,Registro de Marca,
26/02/2026,2615542,32,ROUTE 66,M,Lodestar Anstalt,LI,Wilfrido Fernandez De Brix,25,Registro de Marca,
26/02/2026,2615549,3,PP CIRCADIA,M,"Circadia by Dr. Pugliese, Inc.",US,Wilfrido Fernandez De Brix,25,Registro de Marca,
26/02/2026,2615552,5,PP CIRCADIA,M,"Circadia by Dr. Pugliese, Inc.",US,Wilfrido Fernandez De Brix,25,Registro de Marca,
26/02/2026,2615555,43,LIONS ,M,CARLOS ADRIAN D'OLIVEIRA BAEZ,PY,Santiago Agustin Gadea Prado,1.632,Registro de Marca,
26/02/2026,2615561,35,CEI CALZADOS MARROQUINERÍA,M,CAROLINA NATALIA AVALOS,PY,Hugo Alexander Berkemeyer Arning,3.297,Registro de Marca,
26/02/2026,2615562,35,CI CASA IMPERIAL,M,Casa Imperial S.a.,PY,Santiago Agustin Gadea Prado,1.632,Renovación de Marca,1453931
26/02/2026,2615563,39,CEI CALZADOS MARROQUINERÍA,M,CAROLINA NATALIA AVALOS,PY,Hugo Alexander Berkemeyer Arning,3.297,Registro de Marca,
26/02/2026,2615564,25,CEI CALZADOS,M,CAROLINA NATALIA AVALOS,PY,Hugo Alexander Berkemeyer Arning,3.297,Registro de Marca,
26/02/2026,2615565,24,TELA PAPEL O TIJERA,M,JOSE EFRAIM FIGUEREDO VERA,PY,Cristian Daniel Villagra Vallejos,4.180,Registro de Marca,
26/02/2026,2615566,18,CEI MARROQUINERÍA,M,CAROLINA NATALIA AVALOS,PY,Hugo Alexander Berkemeyer Arning,3.297,Registro de Marca,
26/02/2026,2615582,7,HT33,D,Wirtgen GmbH,DE,Hugo Teodoro Berkemeyer,6,Registro de Marca,
26/02/2026,2615584,9,NERA,M,NERA PARAGUAY S.A.,PY,Hugo Teodoro Berkemeyer,6,Registro de Marca,
26/02/2026,2615588,35,NERA,M,NERA PARAGUAY S.A.,PY,Hugo Teodoro Berkemeyer,6,Registro de Marca,
26/02/2026,2615591,36,NERA,M,NERA PARAGUAY S.A.,PY,Hugo Teodoro Berkemeyer,6,Registro de Marca,
26/02/2026,2615593,44,NERA,M,NERA PARAGUAY S.A.,PY,Hugo Teodoro Berkemeyer,6,Registro de Marca,
26/02/2026,2615595,1,ABASTOL,D,Chemische Fabrik Budenheim Kg.,DE,Hugo Teodoro Berkemeyer,6,Renovación de Marca,1616790
26/02/2026,2615598,1,CARNAL,D,Chemische Fabrik Budenheim Kg.,DE,Hugo Teodoro Berkemeyer,6,Renovación de Marca,1618560
26/02/2026,2615599,35,B CRAFTING BRANDS (SLOGAN),M,Bettina Stefania Pessolani Pastore,PY,Hugo Teodoro Berkemeyer,6,Renovación de Marca,1222306
26/02/2026,2615602,5,ALERGINA,D,Indufar Cisa,PY,Hugo Teodoro Berkemeyer,6,Renovación de Marca,1607206
26/02/2026,2615604,5,LOI,D,Indufar Cisa,PY,Hugo Teodoro Berkemeyer,6,Renovación de Marca,1607231
26/02/2026,2615605,5,LOMED,D,Indufar Cisa,PY,Hugo Teodoro Berkemeyer,6,Renovación de Marca,1607233
26/02/2026,2615606,5,ACCORD,D,Indufar Cisa,PY,Hugo Teodoro Berkemeyer,6,Renovación de Marca,1607203
26/02/2026,2615607,5,PROCOPS,D,Indufar Cisa,PY,Hugo Teodoro Berkemeyer,6,Renovación de Marca,1607248
26/02/2026,2615608,3,REGAL,D,Indufar Cisa,PY,Hugo Teodoro Berkemeyer,6,Renovación de Marca,1607242
26/02/2026,2615609,5,REUZON,D,Indufar Cisa,PY,Hugo Teodoro Berkemeyer,6,Renovación de Marca,1607244
26/02/2026,2615610,5,DECAMIL,D,Indufar Cisa,PY,Hugo Teodoro Berkemeyer,6,Renovación de Marca,1607218
26/02/2026,2615611,5,DRENABYL,D,Indufar Cisa,PY,Hugo Teodoro Berkemeyer,6,Renovación de Marca,1607222
26/02/2026,2615612,5,HEXACOL,D,Indufar Cisa,PY,Hugo Teodoro Berkemeyer,6,Renovación de Marca,1607228
26/02/2026,2615613,5,INTASYL,D,Indufar Cisa,PY,Hugo Teodoro Berkemeyer,6,Renovación de Marca,1607229
26/02/2026,2615614,5,MICOFAR,D,Indufar Cisa,PY,Hugo Teodoro Berkemeyer,6,Renovación de Marca,1607237
26/02/2026,2615616,5,TIOTAL,D,Indufar Cisa,PY,Hugo Teodoro Berkemeyer,6,Renovación de Marca,1607255
26/02/2026,2615617,5,TRINALER,D,Indufar Cisa,PY,Hugo Teodoro Berkemeyer,6,Renovación de Marca,1607253
27/02/2026,2615621,38,REmind,D,Oscar Cairo,PY,Oscar César Cairo,6.495,Registro de Marca,
27/02/2026,2615622,12,ROCKA POWER,D,REPUESTOS ENCISO S.R.L.,PY,Jorge D. Cristaldo Ruiz Diaz,3.271,Registro de Marca,
27/02/2026,2615625,5,MD ADONAI PRODUCTOS NATURALES,M,MARIA GLADYS DUARTE DE CASCO,PY,Norma Beatriz Duarte Romero,7.860,Registro de Marca,
27/02/2026,2615626,5,EUROCLONA,D,Laboratorios Saval S.A.,CL,Rodrigo Benigno Herreros Ortega,2.126,Registro de Marca,
27/02/2026,2615627,25,CEREZA & NÚEZ FASHION,M,NOELIA NOEMI FERNANDEZ GOMEZ,PY,Norma Beatriz Duarte Romero,7.860,Registro de Marca,
27/02/2026,2615628,5,ESZOVAL,D,Laboratorios Saval S.A.,CL,Rodrigo Benigno Herreros Ortega,2.126,Registro de Marca,
27/02/2026,2615629,35,CEREZA & NÚEZ FASHION,M,NOELIA NOEMI FERNANDEZ GOMEZ,PY,Norma Beatriz Duarte Romero,7.860,Registro de Marca,
27/02/2026,2615632,44,PROSOIL,M,RAFAEL SANTIN,PY,Laura Analia Perez Davalos ,6.011,Registro de Marca,
27/02/2026,2615638,19,ALUVER,M,RIO ABIERTO S.A.,PY,Montserrat Artaza Villagra,4.579,Registro de Marca,
27/02/2026,2615640,6,ALUVER,M,RIO ABIERTO S.A.,PY,Montserrat Artaza Villagra,4.579,Registro de Marca,
27/02/2026,2615641,37,ALUVER,M,RIO ABIERTO S.A.,PY,Montserrat Artaza Villagra,4.579,Registro de Marca,
27/02/2026,2615694,42,E EVON,M,JAVIER ADOLFO ROJAS SANCHEZ,PY,Maria Lilia  Pusineri De Gonzalez,1.015,Registro de Marca,
27/02/2026,2615725,41,DILUBEN SHOW TROPICAL,M,JUAN RAMON BENITEZ..,PY,Clara Eugenia Ovelar Rotela,6.616,Registro de Marca,
27/02/2026,2615735,44,ZOOLO MASCOTAS SA,M,ZOOLO MASCOTAS SA,PY,Maria Adelaida Ovejero Vera,3.299,Registro de Marca,
27/02/2026,2615738,35,V VANNOS ELECTRIC,M,VANNOS IMPORT EXPORT E.A.S.,PY,Maria Adelaida Ovejero Vera,3.299,Registro de Marca,
27/02/2026,2615767,35,SANATORIO INTERNACIONAL S.A. CALIDAD EN ASISTENCIA MEDICA (SLOGAN),M,SANATORIO INTERNACIONAL S.A.,PY,Catalina Davalos Gimenez,2.870,Registro de Marca,
27/02/2026,2615768,44,SANATORIO INTERNACIONAL S.A. CALIDAD EN ASISTENCIA MEDICA (SLOGAN),M,SANATORIO INTERNACIONAL S.A.,PY,Catalina Davalos Gimenez,2.870,Registro de Marca,
27/02/2026,2615769,2,AG ARTETINTAS COLOREANDO TU MUNDO (SLOGAN),M,GROUP ART E.A.S.,PY,Catalina Davalos Gimenez,2.870,Registro de Marca,
27/02/2026,2615771,19,AG ARTETINTAS COLOREANDO TU MUNDO (SLOGAN),M,GROUP ART E.A.S.,PY,Catalina Davalos Gimenez,2.870,Registro de Marca,
27/02/2026,2615774,16,AG ARTETINTAS COLOREANDO TU MUNDO (SLOGAN),M,GROUP ART E.A.S.,PY,Catalina Davalos Gimenez,2.870,Registro de Marca,
27/02/2026,2615777,35,AG ARTETINTAS COLOREANDO TU MUNDO (SLOGAN),M,GROUP ART E.A.S.,PY,Catalina Davalos Gimenez,2.870,Registro de Marca,
27/02/2026,2615778,44,LIBIONS,D,Dallas S.a.,PY,José Efraim Cardozo Fiorio,5.101,Renovación de Marca,1628036
27/02/2026,2615780,5,VASTOR,D,Dallas S.a.,PY,José Efraim Cardozo Fiorio,5.101,Renovación de Marca,1622363
27/02/2026,2615785,5,HONTIX,D,Dallas S.a.,PY,José Efraim Cardozo Fiorio,5.101,Renovación de Marca,1622400
27/02/2026,2615789,5,GEMBROZ,D,Dallas S.a.,PY,José Efraim Cardozo Fiorio,5.101,Renovación de Marca,1622396
27/02/2026,2615791,5,ACLYR,D,Dallas S.a.,PY,José Efraim Cardozo Fiorio,5.101,Renovación de Marca,1632888
27/02/2026,2615794,5,CIPROBETASONA,D,Dallas S.a.,PY,José Efraim Cardozo Fiorio,5.101,Renovación de Marca,1622359
27/02/2026,2615796,5,OCULAST,D,Dallas S.a.,PY,José Efraim Cardozo Fiorio,5.101,Renovación de Marca,813656
27/02/2026,2615800,5,GLIBENCIL,D,Dallas S.a.,PY,José Efraim Cardozo Fiorio,5.101,Renovación de Marca,1632899
27/02/2026,2615804,5,BUTIRONAL,D,Dallas S.a.,PY,José Efraim Cardozo Fiorio,5.101,Renovación de Marca,1632897
27/02/2026,2615806,44,FABI CUTS MALE GROOMING,M,ANA CATALINA RICARDO QUIÑONEZ,PY,JOSE EMILIO CARDOZO GONZALEZ,7.721,Registro de Marca,
27/02/2026,2615808,5,BUTIRAL,D,Dallas S.a.,PY,José Efraim Cardozo Fiorio,5.101,Renovación de Marca,1632894
27/02/2026,2615809,45,MELL MODA EXCLUSIVA,M,ALICIA DE LOS ANGELES SOTELO GONZALEZ ,PY,KEVIN PAUL HUSTIN MARTINEZ,7.495,Registro de Marca,
27/02/2026,2615813,34,MARATA,M,Claudio Stephan Guerrero Rios,PY,Federico Speranza Martinez,6.768,Renovación de Marca,1446549
27/02/2026,2615824,5,HEXIBEN,D,Sidus S.a.,AR,Jorge Miguel Armoa Laspina,1.787,Renovación de Marca,922032
27/02/2026,2615827,5,DOLONITE,D,Sidus S.a.,AR,Jorge Miguel Armoa Laspina,1.787,Renovación de Marca,9821292
27/02/2026,2615843,5,MEDILURA ULTRA,D,Intervet International B.V.,NL,Victor Ramon Augusto Abente Brun,10,Registro de Marca,
27/02/2026,2615849,35,Casa BBe,M,Micaela Yisel Bareiro Barreto,PY,Sandra Edith Bareiro Vázquez,6.588,Registro de Marca,
27/02/2026,2615857,41,Casa BBe,M,Micaela Yisel Bareiro Barreto,PY,Sandra Edith Bareiro Vázquez,6.588,Registro de Marca,
27/02/2026,2615862,44,Casa BBe,M,Micaela Yisel Bareiro Barreto,PY,Sandra Edith Bareiro Vázquez,6.588,Registro de Marca,
27/02/2026,2615864,35,Pure Life by Ernandi Torrres de Lemos,M,Ernandi Torres De Lemos,PY,OSCAR FROILAN CACERES MARTINEZ,8.211,Registro de Marca,
27/02/2026,2615865,3,DENTALCLEAN,D,GRUPO AMALFI EAS,PY,Juan Diego Fernandez Arce,7.776,Registro de Marca,
27/02/2026,2615866,41,DIRECTV SPORTS,M,Vrio Corp.,US,Nestor Loizaga Franco,1.409,Renovación de Marca,1438377
27/02/2026,2615889,10,DENTIPUR QUICK CLEANING TABLET,D,Helago-Pharma GmbH & Co. KG,DE,Astrid Maria Matilde Weiler Gustafson,1.234,Registro de Marca,
27/02/2026,2615893,10,DENTIPUR PREMIUM ADHESIVE CREAM,D,Helago-Pharma GmbH & Co. KG,DE,Astrid Maria Matilde Weiler Gustafson,1.234,Registro de Marca,
27/02/2026,2615898,9,AI.GRO,M,H2O INNOVATION S.A.,PY,Sandra Bethania Otazu Vera,1.228,Registro de Marca,
27/02/2026,2615903,42,AI.GRO,M,H2O INNOVATION S.A.,PY,Sandra Bethania Otazu Vera,1.228,Registro de Marca,
27/02/2026,2615906,44,AI.GRO,M,H2O INNOVATION S.A.,PY,Sandra Bethania Otazu Vera,1.228,Registro de Marca,
27/02/2026,2615908,9,IA.GRO,M,H2O INNOVATION S.A.,PY,Sandra Bethania Otazu Vera,1.228,Registro de Marca,
27/02/2026,2615911,42,IA.GRO,M,H2O INNOVATION S.A.,PY,Sandra Bethania Otazu Vera,1.228,Registro de Marca,
27/02/2026,2615914,44,IA.GRO,M,H2O INNOVATION S.A.,PY,Sandra Bethania Otazu Vera,1.228,Registro de Marca,
27/02/2026,2615977,25,mare,M,JIMENA ARACELI GILARDI RUIZ,PY,STEFFI SCHOUTEN BURGOS,7.479,Registro de Marca,
27/02/2026,2615979,9,AIREAL,D,TP-Link Systems Inc.,US,Carmelo Alberto Modica Dichirico,1.225,Registro de Marca,
27/02/2026,2615981,42,,F,TP-Link Systems Inc.,US,Carmelo Alberto Modica Dichirico,1.225,Registro de Marca,
27/02/2026,2615984,9,,F,TP-Link Systems Inc.,US,Carmelo Alberto Modica Dichirico,1.225,Registro de Marca,
27/02/2026,2615987,42,AIREAL,D,TP-Link Systems Inc.,US,Carmelo Alberto Modica Dichirico,1.225,Registro de Marca,
27/02/2026,2616012,5,VITALCARE,D,QUIMFA S.A.,PY,Astrid Maria Matilde Weiler Gustafson,1.234,Registro de Marca,
27/02/2026,2616013,42,SYSTEM ID,M,ID SOLUTIONS E.A.S.,PY,Maria Adelaida Ovejero Vera,3.299,Registro de Marca,
27/02/2026,2616014,5,ORVION,D,QUIMFA S.A.,PY,Astrid Maria Matilde Weiler Gustafson,1.234,Registro de Marca,
27/02/2026,2616015,9,SYSTEM ID,M,ID SOLUTIONS E.A.S.,PY,Maria Adelaida Ovejero Vera,3.299,Registro de Marca,
27/02/2026,2616016,35,VITALCARE,D,QUIMFA S.A.,PY,Astrid Maria Matilde Weiler Gustafson,1.234,Registro de Marca,
27/02/2026,2616022,5,LANTESENS,D,"JOINT-STOCK COMPANY ""GENERIUM"" ",RU,Maria Cecilia Fernandez Wagener,2.764,Registro de Marca,
27/02/2026,2616030,36,GESTION INMOBILIARIA NAVARRO,M,Rossana Beatriz Navarro Marecos,PY,CYNTHIA MABEL JIMENEZ BOGADO,7.140,Renovación de Marca,1535094
27/02/2026,2616032,35,SAREY NOVIAS,M,CHRISTIANE HILDEGARD KONIG,PY,CYNTHIA MABEL JIMENEZ BOGADO,7.140,Registro de Marca,
27/02/2026,2616034,37,KOWALENKO CONSTRUCTORA,M,JORGE ALBERTO KOWALENKO,PY,CYNTHIA MABEL JIMENEZ BOGADO,7.140,Registro de Marca,
27/02/2026,2616037,35,CARIMBOS SELLOS GAM,M,WILLIAN DAVID BARRIOS GARCETE,PY,CYNTHIA MABEL JIMENEZ BOGADO,7.140,Registro de Marca,
27/02/2026,2616041,35,EMBASSY FLORES,M,Roberto Lopez Galeano,PY,Patricia Elizabeth Maciel Avalos,4.052,Renovación de Marca,1685212
27/02/2026,2616043,37,FRIOTEC TODO EN REFRIGERACION Y CLIMATIZACION (SLOGAN),M,LUIS ENRIQUE BENITEZ MOSQUEIRA,PY,ROBERTO RAFAEL ORTIZ VILLALBA,7.346,Registro de Marca,
27/02/2026,2616044,45,CRITERIO,M,APARICIO DELGADO VERA,PY,Omar Abraham Nayar Acuña,3.793,Registro de Marca,
27/02/2026,2616045,35,E T El Toro Reciclajes Export Import,M,CRISTHIAN ROJAS QUINTANA,PY,Omar Abraham Nayar Acuña,3.793,Registro de Marca,
27/02/2026,2616052,3,PERFORM,D,Wella International Operations Switzerland Sàrl,CH,Wilfrido Fernandez De Brix,25,Renovación de Marca,1535369
27/02/2026,2616053,5,FLUARIX,D,Glaxosmithkline Biologicals S.a.,BE,Wilfrido Fernandez De Brix,25,Renovación de Marca,1576022
27/02/2026,2616054,35,MASTER BEARINGS SUMINISTROS INDUSTRIALES,M,RAUL GOMEZ RAMALHO NETO,PY,Gladys Rosanna Lopez,4.848,Registro de Marca,
27/02/2026,2616057,35,DORIAN,M,DORIAN S.A.,PY,Gladys Rosanna Lopez,4.848,Registro de Marca,
27/02/2026,2616058,5,Zendarvio,D,JOINT STOCK COMPANY “BIOCAD” ,RU,Wilfrido Fernandez De Brix,25,Registro de Marca,
27/02/2026,2616059,43,M MASHISO,M,MASHISO E.A.S.,PY,Osmar Alejandro Baez Cardozo,4.470,Registro de Marca,
27/02/2026,2616061,29,M MASHISO,M,MASHISO E.A.S.,PY,Osmar Alejandro Baez Cardozo,4.470,Registro de Marca,
27/02/2026,2616062,30,M MASHISO,M,MASHISO E.A.S.,PY,Osmar Alejandro Baez Cardozo,4.470,Registro de Marca,
27/02/2026,2616063,38,STARLINK MOBILE,D,Space Exploration Technologies Corp.,US,Wilfrido Fernandez De Brix,25,Registro de Marca,
27/02/2026,2616064,35,M MASHISO,M,MASHISO E.A.S.,PY,Osmar Alejandro Baez Cardozo,4.470,Registro de Marca,
27/02/2026,2616068,12,PLIMER,M,Plimer S.A.,AR,Ada Nelly Torres De Centeno,862,Registro de Marca,
27/02/2026,2616070,35,PLIMER,M,Plimer S.A.,AR,Ada Nelly Torres De Centeno,862,Registro de Marca,
27/02/2026,2616074,42,STARLINK MOBILE,D,Space Exploration Technologies Corp.,US,Wilfrido Fernandez De Brix,25,Registro de Marca,
27/02/2026,2616075,1,SKINATIVE PROBIOTICS,D,Beiersdorf AG,DE,Wilfrido Fernandez De Brix,25,Registro de Marca,
27/02/2026,2616077,3,SKINATIVE PROBIOTICS,D,Beiersdorf AG,DE,Wilfrido Fernandez De Brix,25,Registro de Marca,
27/02/2026,2616080,5,SKINATIVE PROBIOTICS,D,Beiersdorf AG,DE,Wilfrido Fernandez De Brix,25,Registro de Marca,
27/02/2026,2616081,19,VOTORANTIM,D,Votorantim Industrial S.a.,BR,Wilfrido Fernandez De Brix,25,Renovación de Marca,1579249
27/02/2026,2616083,3,CHANEL GRAND PARFUMEUR,D,Chanel SARL,CH,Rafael Augusto Salomoni Flores,462,Registro de Marca,
27/02/2026,2616084,16,CHANEL GRAND PARFUMEUR,D,Chanel SARL,CH,Rafael Augusto Salomoni Flores,462,Registro de Marca,
27/02/2026,2616085,35,CHANEL GRAND PARFUMEUR,D,Chanel SARL,CH,Rafael Augusto Salomoni Flores,462,Registro de Marca,
27/02/2026,2616086,44,CHANEL GRAND PARFUMEUR,D,Chanel SARL,CH,Rafael Augusto Salomoni Flores,462,Registro de Marca,
27/02/2026,2616087,1,VERIDYNEL,D,SYNGENTA CROP PROTECTION AG ,CH,Rafael Augusto Salomoni Flores,462,Registro de Marca,
27/02/2026,2616088,43,CAFE LOGIA GRAN MAESTRO BY BRUNO SORIA,M,CESAR BRUNO SORIA GAVILAN ,PY,Manuel Maria Britos Esquivel,2.306,Registro de Marca,
27/02/2026,2616091,29,,F,Maehara S.a.a.c.i.,PY,Rafael Augusto Salomoni Flores,462,Renovación de Marca,1600062
27/02/2026,2616092,35,,F,Maehara S.a.a.c.i.,PY,Rafael Augusto Salomoni Flores,462,Renovación de Marca,1600061
27/02/2026,2616093,30,CAFE LOGIA ÑEMITY BY BRUNO SORIA,M,CESAR BRUNO SORIA GAVILAN ,PY,Manuel Maria Britos Esquivel,2.306,Registro de Marca,
27/02/2026,2616094,32,MILLER RADLER,D,Coors Brewing Company,US,Rafael Augusto Salomoni Flores,462,Renovación de Marca,1454717
27/02/2026,2616096,43,CAFE LOGIA ÑEMITY BY BRUNO SORIA,M,CESAR BRUNO SORIA GAVILAN ,PY,Manuel Maria Britos Esquivel,2.306,Registro de Marca,
27/02/2026,2616100,30,CAFE LOGIA DEMOLAY BY BRUNO SORIA,M,CESAR BRUNO SORIA GAVILAN ,PY,Manuel Maria Britos Esquivel,2.306,Registro de Marca,
27/02/2026,2616101,43,CAFE LOGIA DEMOLAY BY BRUNO SORIA,M,CESAR BRUNO SORIA GAVILAN ,PY,Manuel Maria Britos Esquivel,2.306,Registro de Marca,
27/02/2026,2616102,43,CAFE LOGIA WIDOWS SONS BY BRUNO SORIA,M,CESAR BRUNO SORIA GAVILAN ,PY,Manuel Maria Britos Esquivel,2.306,Registro de Marca,
27/02/2026,2616103,30,CAFE LOGIA WIDOWS SONS BY BRUNO SORIA,M,CESAR BRUNO SORIA GAVILAN ,PY,Manuel Maria Britos Esquivel,2.306,Registro de Marca,
27/02/2026,2616104,30,CAFE LOGIA GRAN MAESTRO BY BRUNO SORIA,M,CESAR BRUNO SORIA GAVILAN ,PY,Manuel Maria Britos Esquivel,2.306,Registro de Marca,
27/02/2026,2616106,35,NOVA IMPORT,M,MATIAS HERNAN NUÑEZ UGARTE,PY,NICOLAS JAVIER SABARINO VOTTERO,7.416,Registro de Marca,
27/02/2026,2616110,35,LG VIP PHARMA,D,LG VIP S.A.,PY,Rodrigo Alfonso Benitez Ferreira,2.557,Registro de Marca,
27/02/2026,2616112,5,ROMIA,M,Laisa Fernanda Melhado Corsatto,PY,Rodrigo Alfonso Benitez Ferreira,2.557,Registro de Marca,
27/02/2026,2616113,42,ROMIA,M,Laisa Fernanda Melhado Corsatto,PY,Rodrigo Alfonso Benitez Ferreira,2.557,Registro de Marca,
27/02/2026,2616115,38,DIGI LGCITO,M,LG VIP S.A.,PY,Rodrigo Alfonso Benitez Ferreira,2.557,Registro de Marca,
27/02/2026,2616117,35,DIGI LGCITO,M,LG VIP S.A.,PY,Rodrigo Alfonso Benitez Ferreira,2.557,Registro de Marca,
27/02/2026,2616120,35,BLUECOLOR INK | MACH | PAPER,M,GLOBAL OPPORTUNITIES IMPORTACAO E EXPORTACAO LTDA,BR,Maria Adelaida Ovejero Vera,3.299,Registro de Marca,
27/02/2026,2616121,9,DEUTSCHE GRAMMOPHON,M,Deutsche Grammophon Gesellschaft Mbh,DE,Hugo Teodoro Berkemeyer,6,Renovación de Marca,1640579
27/02/2026,2616122,10,LMA,D,Teleflex Life Sciences Unlimited Company,BM,Hugo Teodoro Berkemeyer,6,Renovación de Marca,1606781
27/02/2026,2616123,33,A,M,"Ace Of Spades Holdings, Llc.",US,Hugo Alexander Berkemeyer Arning,3.297,Renovación de Marca,1318321
27/02/2026,2616124,35,STRADIVARIUS,D,"STRADIVARIUS ESPAÑA, S.A.",ES,Hugo Teodoro Berkemeyer,6,Registro de Marca,
27/02/2026,2616125,25,STRADIVARIUS,D,"STRADIVARIUS ESPAÑA, S.A.",ES,Hugo Teodoro Berkemeyer,6,Registro de Marca,
27/02/2026,2616126,18,STRADIVARIUS,D,"STRADIVARIUS ESPAÑA, S.A.",ES,Hugo Teodoro Berkemeyer,6,Registro de Marca,
27/02/2026,2616127,5,LAND NATURE Cultiva tu esencia (slogan),M,DIEGO EMMANUEL LUGO LUGO,PY,Humberto Manuel Acuña Pérez,2.340,Registro de Marca,
27/02/2026,2616128,3,DOWNY BALANCE,D,The Procter & Gamble Company,US,Hugo Teodoro Berkemeyer,6,Registro de Marca,
27/02/2026,2616129,36,HAUSBAU PARAGUAY WIR BAUEN WOHLFUHLHAUSE.,M,MARCO REICH,PY,DIEGO NICOLÁS RIOS,7.075,Registro de Marca,
27/02/2026,2616130,37,HAUSBAU PARAGUAY WIR BAUEN WOHLFUHLHAUSE.,M,MARCO REICH,PY,DIEGO NICOLÁS RIOS,7.075,Registro de Marca,
27/02/2026,2616131,14,EyR Joyas y accesorios eleva tu estilo (eslogan),M,ESTEFANI MARICEL CARVALLO ROJAS,PY,DIEGO NICOLÁS RIOS,7.075,Registro de Marca,
27/02/2026,2616132,25,M MAN´S SASTRERIA EL BUEN GUSTO NO TIENE PRECIO (SLOGAN),M,JOSE RODOLFO MIRANDA AGUILERA,PY,Pablo Cesar Centeno Roa,7.085,Registro de Marca,
27/02/2026,2616133,35,M MAN´S SASTRERIA EL BUEN GUSTO NO TIENE PRECIO (SLOGAN),M,JOSE RODOLFO MIRANDA AGUILERA,PY,Pablo Cesar Centeno Roa,7.085,Registro de Marca,
27/02/2026,2616134,40,M MAN´S SASTRERIA EL BUEN GUSTO NO TIENE PRECIO (SLOGAN),M,JOSE RODOLFO MIRANDA AGUILERA,PY,Pablo Cesar Centeno Roa,7.085,Registro de Marca,
27/02/2026,2616135,45,M MAN´S SASTRERIA EL BUEN GUSTO NO TIENE PRECIO (SLOGAN),M,JOSE RODOLFO MIRANDA AGUILERA,PY,Pablo Cesar Centeno Roa,7.085,Registro de Marca,
27/02/2026,2616136,35,YAYA ARTESANIAS,M,CLAUDIA CECILIA IBAÑEZ TUFIÑO,PY,Cesar Daniel Martinez Yubero,3.771,Registro de Marca,