,,,,,,,,,,
BOLETIN DE INFORMACIONES AL,,05/10/2026,,,,,Desde: ,01/10/2026,Hasta:,05/10/2026
MARCAS RECIBIDAS,,,,,,,,,,
"Archivo de prueba con el mismo formato que el boletín real de la DINAPI. Datos inventados.",,,,,,,,,,
Fecha Solicitud,Expediente,Clase Niza,Denominación,Signo,Titular,País,Agente,Matrícula,Trámite,Referencia
01/10/2026,2026001001,30,KURUPI,D,EMPRESA DEMO S.A.,PY,AGENTE DEMO,1.000,Registro de Marca,
01/10/2026,2026001002,30,Kurupy Premium,M,EMPRESA DEMO S.A.,PY,AGENTE DEMO,1.000,Registro de Marca,
02/10/2026,2026001003,32,PILSEN,D,OTRA EMPRESA S.A.,PY,AGENTE DEMO,1.000,Registro de Marca,
02/10/2026,2026001004,32,Pilsner del Sur,M,OTRA EMPRESA S.A.,PY,AGENTE DEMO,1.000,Registro de Marca,
02/10/2026,2026001005,36,TIGO MONEY (SLOGAN),D,TELEFONICA DEMO S.A.,PY,AGENTE DEMO,1.000,Registro de Marca,
03/10/2026,2026001006,9,Tygo,D,PERSONA DEMO,PY,AGENTE DEMO,1.000,Registro de Marca,
03/10/2026,2026001007,43,Mburucuya Café,M,PERSONA DEMO,PY,AGENTE DEMO,1.000,Registro de Marca,
03/10/2026,2026001008,30,Chipa Barreiro,M,PERSONA DEMO,PY,AGENTE DEMO,1.000,Registro de Marca,
04/10/2026,2026001009,30,Yerba Selecta,D,PERSONA DEMO,PY,AGENTE DEMO,1.000,Registro de Marca,
04/10/2026,2026001010,9,Pilsen,D,PERSONA DEMO,PY,AGENTE DEMO,1.000,Registro de Marca,
05/10/2026,2026001013,32,Pilcen,D,PERSONA DEMO,PY,AGENTE DEMO,1.000,Registro de Marca,
05/10/2026,2026001014,32,PILSEN,D,CERVECERIA DEMO S.A.,PY,AGENTE DEMO,1.000,Renovación de Marca,1500001
05/10/2026,2026001015,25,,F,MARCA FIGURATIVA DEMO,DE,AGENTE DEMO,1.000,Registro de Marca,
01/10/2026,2026001001,30,KURUPI,D,EMPRESA DEMO S.A.,PY,AGENTE DEMO,1.000,Registro de Marca,
04/10/2026,2026001011,99,Fila con clase rota,D,PERSONA DEMO,PY,AGENTE DEMO,1.000,Registro de Marca,
31/02/2026,2026001012,30,Fila con fecha rota,D,PERSONA DEMO,PY,AGENTE DEMO,1.000,Registro de Marca,
